timestep, timestamp, temperature_gpu, type, power_draw_mW, power_limit_mW, g_clock_freq_mhz, mem_clock_freq_mhz, sm_clock_freq_mhz
0, 1644808765954560880,37, transpose_hybrid, 35059, 350000,1695,9501,1695
1, 1644808765958795440,37, transpose_hybrid, 35059, 350000,1695,9501,1695
2, 1644808765963579697,37, transpose_hybrid, 35059, 350000,1695,9501,1695
3, 1644808765969054372,37, transpose_hybrid, 35059, 350000,1695,9501,1695
4, 1644808765972785804,36, transpose_hybrid, 35059, 350000,1695,9501,1695
5, 1644808765976249784,36, transpose_hybrid, 35059, 350000,1695,9501,1695
6, 1644808765979720614,36, transpose_hybrid, 35059, 350000,1695,9501,1695
7, 1644808765983816913,36, transpose_hybrid, 35059, 350000,1695,9501,1695
8, 1644808765989282611,36, transpose_hybrid, 35059, 350000,1695,9501,1695
9, 1644808765992771084,36, transpose_hybrid, 35059, 350000,1695,9501,1695
10, 1644808765996238425,36, transpose_hybrid, 35059, 350000,1695,9501,1695
11, 1644808766000104176,36, transpose_hybrid, 35059, 350000,1695,9501,1695
12, 1644808766003559668,37, transpose_hybrid, 35059, 350000,1695,9501,1695
13, 1644808766009055991,37, transpose_hybrid, 35059, 350000,1695,9501,1695
14, 1644808766012611999,37, transpose_hybrid, 35059, 350000,1695,9501,1695
15, 1644808766016060708,37, transpose_hybrid, 35059, 350000,1695,9501,1695
16, 1644808766019505434,37, transpose_hybrid, 35059, 350000,1695,9501,1695
17, 1644808766023158732,37, transpose_hybrid, 35059, 350000,1695,9501,1695
18, 1644808766027783125,37, transpose_hybrid, 39643, 350000,1695,9501,1695
19, 1644808766038579479,37, transpose_hybrid, 39643, 350000,1695,9501,1695
20, 1644808766042040193,37, transpose_hybrid, 39643, 350000,1695,9501,1695
21, 1644808766045503632,37, transpose_hybrid, 39643, 350000,1695,9501,1695
22, 1644808766050561012,37, transpose_hybrid, 39643, 350000,1695,9501,1695
23, 1644808766059219628,37, transpose_hybrid, 39643, 350000,1695,9501,1695
24, 1644808766062666980,37, transpose_hybrid, 39643, 350000,1695,9501,1695
25, 1644808766066154000,37, transpose_hybrid, 39643, 350000,1695,9501,1695
26, 1644808766070693175,37, transpose_hybrid, 39643, 350000,1695,9501,1695
27, 1644808766107456396,37, transpose_hybrid, 39643, 350000,1695,9501,1695
28, 1644808766112258334,37, transpose_hybrid, 39643, 350000,1695,9501,1695
29, 1644808766117525888,37, transpose_hybrid, 39643, 350000,1695,9501,1695
30, 1644808766121019588,37, transpose_hybrid, 39643, 350000,1695,9501,1695
31, 1644808766124467358,37, transpose_hybrid, 39643, 350000,1695,9501,1695
32, 1644808766128046776,37, transpose_hybrid, 39643, 350000,1695,9501,1695
33, 1644808766131919734,37, transpose_hybrid, 43839, 350000,1695,9501,1695
34, 1644808766137161745,37, transpose_hybrid, 43839, 350000,1695,9501,1695
35, 1644808766140786482,37, transpose_hybrid, 43839, 350000,1695,9501,1695
36, 1644808766144261592,37, transpose_hybrid, 43839, 350000,1695,9501,1695
37, 1644808766147697037,37, transpose_hybrid, 43839, 350000,1695,9501,1695
38, 1644808766151140976,37, transpose_hybrid, 43839, 350000,1695,9501,1695
39, 1644808766155228586,37, transpose_hybrid, 43839, 350000,1695,9501,1695
40, 1644808766161062791,37, transpose_hybrid, 43839, 350000,1695,9501,1695
41, 1644808766164562485,37, transpose_hybrid, 43839, 350000,1695,9501,1695
42, 1644808766168010015,37, transpose_hybrid, 43839, 350000,1695,9501,1695
43, 1644808766171471848,37, transpose_hybrid, 43839, 350000,1695,9501,1695
44, 1644808766174904253,37, transpose_hybrid, 43839, 350000,1695,9501,1695
45, 1644808766180227566,37, transpose_hybrid, 43839, 350000,1695,9501,1695
46, 1644808766183789441,37, transpose_hybrid, 43839, 350000,1695,9501,1695
47, 1644808766187271007,37, transpose_hybrid, 43839, 350000,1695,9501,1695
48, 1644808766190707843,37, transpose_hybrid, 43839, 350000,1695,9501,1695
49, 1644808766194159402,37, transpose_hybrid, 43839, 350000,1695,9501,1695
50, 1644808766198479213,37, transpose_hybrid, 43839, 350000,1695,9501,1695
51, 1644808766203794379,37, transpose_hybrid, 43839, 350000,1695,9501,1695
52, 1644808766207327446,37, transpose_hybrid, 43839, 350000,1695,9501,1695
53, 1644808766210759465,37, transpose_hybrid, 43839, 350000,1695,9501,1695
54, 1644808766214218378,37, transpose_hybrid, 43839, 350000,1695,9501,1695
55, 1644808766217660480,37, transpose_hybrid, 43839, 350000,1695,9501,1695
56, 1644808766222993689,37, transpose_hybrid, 43839, 350000,1695,9501,1695
57, 1644808766226655066,37, transpose_hybrid, 43839, 350000,1695,9501,1695
58, 1644808766230107646,37, transpose_hybrid, 43839, 350000,1695,9501,1695
59, 1644808766233553642,37, transpose_hybrid, 43839, 350000,1695,9501,1695
60, 1644808766237265139,37, transpose_hybrid, 43839, 350000,1695,9501,1695
61, 1644808766241924518,37, transpose_hybrid, 47534, 350000,1695,9501,1695
62, 1644808766248055660,37, transpose_hybrid, 47534, 350000,1695,9501,1695
63, 1644808766251540956,37, transpose_hybrid, 47534, 350000,1695,9501,1695
64, 1644808766255173544,37, transpose_hybrid, 47534, 350000,1695,9501,1695
65, 1644808766258590145,37, transpose_hybrid, 47534, 350000,1695,9501,1695
66, 1644808766263008072,37, transpose_hybrid, 47534, 350000,1695,9501,1695
67, 1644808766268595186,37, transpose_hybrid, 47534, 350000,1695,9501,1695
68, 1644808766272103536,37, transpose_hybrid, 47534, 350000,1695,9501,1695
69, 1644808766275539199,37, transpose_hybrid, 47534, 350000,1695,9501,1695
70, 1644808766278968981,37, transpose_hybrid, 47534, 350000,1695,9501,1695
71, 1644808766282402146,37, transpose_hybrid, 47534, 350000,1695,9501,1695
72, 1644808766287684751,37, transpose_hybrid, 47534, 350000,1695,9501,1695
73, 1644808766291227043,37, transpose_hybrid, 47534, 350000,1695,9501,1695
74, 1644808766294779530,37, transpose_hybrid, 47534, 350000,1695,9501,1695
75, 1644808766298242894,37, transpose_hybrid, 47534, 350000,1695,9501,1695
76, 1644808766301679370,37, transpose_hybrid, 47534, 350000,1695,9501,1695
77, 1644808766306334047,37, transpose_hybrid, 47534, 350000,1695,9501,1695
78, 1644808766311665590,37, transpose_hybrid, 47534, 350000,1695,9501,1695
79, 1644808766315172574,37, transpose_hybrid, 47534, 350000,1695,9501,1695
80, 1644808766318611283,37, transpose_hybrid, 47534, 350000,1695,9501,1695
81, 1644808766322041158,37, transpose_hybrid, 47534, 350000,1695,9501,1695
82, 1644808766325613136,37, transpose_hybrid, 47534, 350000,1695,9501,1695
83, 1644808766330923965,37, transpose_hybrid, 47534, 350000,1695,9501,1695
84, 1644808766334512631,37, transpose_hybrid, 47534, 350000,1695,9501,1695
85, 1644808766337954597,37, transpose_hybrid, 47534, 350000,1695,9501,1695
86, 1644808766341413216,37, transpose_hybrid, 47534, 350000,1695,9501,1695
87, 1644808766344952057,37, transpose_hybrid, 50844, 350000,1695,9501,1695
88, 1644808766349674343,37, transpose_hybrid, 50844, 350000,1695,9501,1695
89, 1644808766355126805,37, transpose_hybrid, 50844, 350000,1695,9501,1695
90, 1644808766358554691,37, transpose_hybrid, 50844, 350000,1695,9501,1695
91, 1644808766361990719,37, transpose_hybrid, 50844, 350000,1695,9501,1695
92, 1644808766365456309,37, transpose_hybrid, 50844, 350000,1695,9501,1695
93, 1644808766369382549,37, transpose_hybrid, 50844, 350000,1695,9501,1695
94, 1644808766374989987,37, transpose_hybrid, 50844, 350000,1695,9501,1695
95, 1644808766378536541,37, transpose_hybrid, 50844, 350000,1695,9501,1695
96, 1644808766381984127,37, transpose_hybrid, 50844, 350000,1695,9501,1695
97, 1644808766385440913,37, transpose_hybrid, 50844, 350000,1695,9501,1695
98, 1644808766388875728,37, transpose_hybrid, 50844, 350000,1695,9501,1695
99, 1644808766394023114,37, transpose_hybrid, 50844, 350000,1695,9501,1695
100, 1644808766398253649,37, transpose_hybrid, 50844, 350000,1695,9501,1695
101, 1644808766402006479,37, transpose_hybrid, 50844, 350000,1695,9501,1695
102, 1644808766405443580,37, transpose_hybrid, 50844, 350000,1695,9501,1695
103, 1644808766408907597,37, transpose_hybrid, 50844, 350000,1695,9501,1695
104, 1644808766413258782,37, transpose_hybrid, 50844, 350000,1695,9501,1695
105, 1644808766418621598,37, transpose_hybrid, 50844, 350000,1695,9501,1695
106, 1644808766422119252,37, transpose_hybrid, 50844, 350000,1695,9501,1695
107, 1644808766425570992,37, transpose_hybrid, 50844, 350000,1695,9501,1695
108, 1644808766429026181,37, transpose_hybrid, 50844, 350000,1695,9501,1695
109, 1644808766432489484,37, transpose_hybrid, 50844, 350000,1695,9501,1695
110, 1644808766437887831,37, transpose_hybrid, 50844, 350000,1695,9501,1695
111, 1644808766441505340,37, transpose_hybrid, 50844, 350000,1695,9501,1695
112, 1644808766444952996,37, transpose_hybrid, 50844, 350000,1695,9501,1695
113, 1644808766448389491,37, transpose_hybrid, 50844, 350000,1695,9501,1695
114, 1644808766452057946,37, transpose_hybrid, 50844, 350000,1695,9501,1695
115, 1644808766456632915,37, transpose_hybrid, 83980, 350000,1695,9501,1695
116, 1644808766462938624,37, transpose_hybrid, 83980, 350000,1695,9501,1695
117, 1644808766466470669,37, transpose_hybrid, 83980, 350000,1695,9501,1695
118, 1644808766469937193,37, transpose_hybrid, 83980, 350000,1695,9501,1695
119, 1644808766473393035,37, transpose_hybrid, 83980, 350000,1695,9501,1695
120, 1644808766477676649,37, transpose_hybrid, 83980, 350000,1695,9501,1695
121, 1644808766483284776,37, transpose_hybrid, 83980, 350000,1695,9501,1695
122, 1644808766486806020,37, transpose_hybrid, 83980, 350000,1695,9501,1695
123, 1644808766490247657,37, transpose_hybrid, 83980, 350000,1695,9501,1695
124, 1644808766493714827,37, transpose_hybrid, 83980, 350000,1695,9501,1695
125, 1644808766497167108,37, transpose_hybrid, 83980, 350000,1695,9501,1695
126, 1644808766502527719,37, transpose_hybrid, 83980, 350000,1695,9501,1695
127, 1644808766506072387,37, transpose_hybrid, 83980, 350000,1695,9501,1695
128, 1644808766509512656,37, transpose_hybrid, 83980, 350000,1695,9501,1695
129, 1644808766512956265,37, transpose_hybrid, 83980, 350000,1695,9501,1695
130, 1644808766516394137,37, transpose_hybrid, 83980, 350000,1695,9501,1695
131, 1644808766520748455,37, transpose_hybrid, 83980, 350000,1695,9501,1695
132, 1644808766526023146,37, transpose_hybrid, 83980, 350000,1695,9501,1695
133, 1644808766529499816,37, transpose_hybrid, 83980, 350000,1695,9501,1695
134, 1644808766532934252,37, transpose_hybrid, 83980, 350000,1695,9501,1695
135, 1644808766536368754,37, transpose_hybrid, 83980, 350000,1695,9501,1695
136, 1644808766539792213,37, transpose_hybrid, 83980, 350000,1695,9501,1695
137, 1644808766545125342,37, transpose_hybrid, 83980, 350000,1695,9501,1695
138, 1644808766548721405,37, transpose_hybrid, 83980, 350000,1695,9501,1695
139, 1644808766552177057,37, transpose_hybrid, 83980, 350000,1695,9501,1695
140, 1644808766555611483,37, transpose_hybrid, 83980, 350000,1695,9501,1695
141, 1644808766559305667,37, transpose_hybrid, 83980, 350000,1695,9501,1695
142, 1644808766563595675,37, transpose_hybrid, 97386, 350000,1695,9501,1695
143, 1644808766569050505,37, transpose_hybrid, 97386, 350000,1695,9501,1695
144, 1644808766572548572,37, transpose_hybrid, 97386, 350000,1695,9501,1695
145, 1644808766575973175,37, transpose_hybrid, 97386, 350000,1695,9501,1695
146, 1644808766579434715,37, transpose_hybrid, 97386, 350000,1695,9501,1695
147, 1644808766582867850,37, transpose_hybrid, 97386, 350000,1695,9501,1695
148, 1644808766588190228,37, transpose_hybrid, 97386, 350000,1695,9501,1695
149, 1644808766592228037,37, transpose_hybrid, 97386, 350000,1695,9501,1695
150, 1644808766595674253,37, transpose_hybrid, 97386, 350000,1695,9501,1695
151, 1644808766599118256,37, transpose_hybrid, 97386, 350000,1695,9501,1695
152, 1644808766602568778,37, transpose_hybrid, 97386, 350000,1695,9501,1695
153, 1644808766607191276,37, transpose_hybrid, 97386, 350000,1695,9501,1695
154, 1644808766613406360,37, transpose_hybrid, 97386, 350000,1695,9501,1695
155, 1644808766616912831,37, transpose_hybrid, 97386, 350000,1695,9501,1695
156, 1644808766620353302,37, transpose_hybrid, 97386, 350000,1695,9501,1695
157, 1644808766623800368,37, transpose_hybrid, 97386, 350000,1695,9501,1695
158, 1644808766627867504,37, transpose_hybrid, 97386, 350000,1695,9501,1695
159, 1644808766633436365,37, transpose_hybrid, 97386, 350000,1695,9501,1695
160, 1644808766636975310,37, transpose_hybrid, 97386, 350000,1695,9501,1695
161, 1644808766640421412,37, transpose_hybrid, 97386, 350000,1695,9501,1695
162, 1644808766643872314,37, transpose_hybrid, 97386, 350000,1695,9501,1695
163, 1644808766647326707,37, transpose_hybrid, 97386, 350000,1695,9501,1695
164, 1644808766652766491,37, transpose_hybrid, 97386, 350000,1695,9501,1695
165, 1644808766656379661,37, transpose_hybrid, 97386, 350000,1695,9501,1695
166, 1644808766659829367,37, transpose_hybrid, 97386, 350000,1695,9501,1695
167, 1644808766663282250,37, transpose_hybrid, 97386, 350000,1695,9501,1695
168, 1644808766667057786,37, transpose_hybrid, 97386, 350000,1695,9501,1695
169, 1644808766671545978,37, transpose_hybrid, 101132, 350000,1695,9501,1695
170, 1644808766680412051,37, transpose_hybrid, 101132, 350000,1695,9501,1695
171, 1644808766683934945,37, transpose_hybrid, 101132, 350000,1695,9501,1695
172, 1644808766687358921,37, transpose_hybrid, 101132, 350000,1695,9501,1695
173, 1644808766690808333,37, transpose_hybrid, 101132, 350000,1695,9501,1695
174, 1644808766696148892,37, transpose_hybrid, 101132, 350000,1695,9501,1695
175, 1644808766699693204,37, transpose_hybrid, 101132, 350000,1695,9501,1695
176, 1644808766703160056,37, transpose_hybrid, 101132, 350000,1695,9501,1695
177, 1644808766706697600,37, transpose_hybrid, 101132, 350000,1695,9501,1695
178, 1644808766710290530,37, transpose_hybrid, 101132, 350000,1695,9501,1695
179, 1644808766714973595,37, transpose_hybrid, 101132, 350000,1695,9501,1695
180, 1644808766720268184,37, transpose_hybrid, 101132, 350000,1695,9501,1695
181, 1644808766723904873,37, transpose_hybrid, 101132, 350000,1695,9501,1695
182, 1644808766727338516,37, transpose_hybrid, 101132, 350000,1695,9501,1695
183, 1644808766730783051,37, transpose_hybrid, 101132, 350000,1695,9501,1695
184, 1644808766734730981,37, transpose_hybrid, 101132, 350000,1695,9501,1695
185, 1644808766740007615,37, transpose_hybrid, 101132, 350000,1695,9501,1695
186, 1644808766743631355,37, transpose_hybrid, 101132, 350000,1695,9501,1695
187, 1644808766747063354,37, transpose_hybrid, 101132, 350000,1695,9501,1695
188, 1644808766750516826,37, transpose_hybrid, 101132, 350000,1695,9501,1695
189, 1644808766753944859,37, transpose_hybrid, 101132, 350000,1695,9501,1695
190, 1644808766759134695,37, transpose_hybrid, 101132, 350000,1695,9501,1695
191, 1644808766763414262,37, transpose_hybrid, 101132, 350000,1695,9501,1695
192, 1644808766766867367,37, transpose_hybrid, 101132, 350000,1695,9501,1695
193, 1644808766770332201,37, transpose_hybrid, 101132, 350000,1695,9501,1695
194, 1644808766773886969,37, transpose_hybrid, 101132, 350000,1695,9501,1695
195, 1644808766778101321,37, transpose_hybrid, 108579, 350000,1695,9501,1695
196, 1644808766783561416,37, transpose_hybrid, 108579, 350000,1695,9501,1695
197, 1644808766787091551,37, transpose_hybrid, 108579, 350000,1695,9501,1695
198, 1644808766790532996,37, transpose_hybrid, 108579, 350000,1695,9501,1695
199, 1644808766793961668,37, transpose_hybrid, 108579, 350000,1695,9501,1695
200, 1644808766797414738,37, transpose_hybrid, 108579, 350000,1695,9501,1695
201, 1644808766802863819,37, transpose_hybrid, 108579, 350000,1695,9501,1695
202, 1644808766807223574,37, transpose_hybrid, 108579, 350000,1695,9501,1695
203, 1644808766810665647,37, transpose_hybrid, 108579, 350000,1695,9501,1695
204, 1644808766814126392,37, transpose_hybrid, 108579, 350000,1695,9501,1695
205, 1644808766817846848,37, transpose_hybrid, 108579, 350000,1695,9501,1695
206, 1644808766822621115,37, transpose_hybrid, 108579, 350000,1695,9501,1695
207, 1644808766828011409,37, transpose_hybrid, 108579, 350000,1695,9501,1695
208, 1644808766831766534,37, transpose_hybrid, 108579, 350000,1695,9501,1695
209, 1644808766835246514,37, transpose_hybrid, 108579, 350000,1695,9501,1695
210, 1644808766838689850,37, transpose_hybrid, 108579, 350000,1695,9501,1695
211, 1644808766843005345,38, transpose_hybrid, 108579, 350000,1695,9501,1695
212, 1644808766848285528,38, transpose_hybrid, 108579, 350000,1695,9501,1695
213, 1644808766851763186,38, transpose_hybrid, 108579, 350000,1695,9501,1695
214, 1644808766855218181,38, transpose_hybrid, 108579, 350000,1695,9501,1695
215, 1644808766858654091,38, transpose_hybrid, 108579, 350000,1695,9501,1695
216, 1644808766862123603,38, transpose_hybrid, 108579, 350000,1695,9501,1695
217, 1644808766867339960,38, transpose_hybrid, 108579, 350000,1695,9501,1695
218, 1644808766871256872,38, transpose_hybrid, 108579, 350000,1695,9501,1695
219, 1644808766874701428,38, transpose_hybrid, 108579, 350000,1695,9501,1695
220, 1644808766878137901,38, transpose_hybrid, 108579, 350000,1695,9501,1695
221, 1644808766881888840,38, transpose_hybrid, 108579, 350000,1695,9501,1695
222, 1644808766886557772,38, transpose_hybrid, 111450, 350000,1695,9501,1695
223, 1644808766892564215,38, transpose_hybrid, 111450, 350000,1695,9501,1695
224, 1644808766896080825,38, transpose_hybrid, 111450, 350000,1695,9501,1695
225, 1644808766899545558,38, transpose_hybrid, 111450, 350000,1695,9501,1695
226, 1644808766903013538,37, transpose_hybrid, 111450, 350000,1695,9501,1695
227, 1644808766906995995,37, transpose_hybrid, 111450, 350000,1695,9501,1695
228, 1644808766912557266,37, transpose_hybrid, 111450, 350000,1695,9501,1695
229, 1644808766916087359,37, transpose_hybrid, 111450, 350000,1695,9501,1695
230, 1644808766919542630,37, transpose_hybrid, 111450, 350000,1695,9501,1695
231, 1644808766923000565,37, transpose_hybrid, 111450, 350000,1695,9501,1695
232, 1644808766926444405,37, transpose_hybrid, 111450, 350000,1695,9501,1695
233, 1644808766931787967,37, transpose_hybrid, 111450, 350000,1695,9501,1695
234, 1644808766935857979,37, transpose_hybrid, 111450, 350000,1695,9501,1695
235, 1644808766939368994,37, transpose_hybrid, 111450, 350000,1695,9501,1695
236, 1644808766942838857,37, transpose_hybrid, 111450, 350000,1695,9501,1695
237, 1644808766946289999,37, transpose_hybrid, 111450, 350000,1695,9501,1695
238, 1644808766950672158,37, transpose_hybrid, 111450, 350000,1695,9501,1695
239, 1644808766956697291,37, transpose_hybrid, 111450, 350000,1695,9501,1695
240, 1644808766960725519,38, transpose_hybrid, 111450, 350000,1695,9501,1695
241, 1644808766964635815,38, transpose_hybrid, 111450, 350000,1695,9501,1695
242, 1644808766968571444,38, transpose_hybrid, 111450, 350000,1695,9501,1695
243, 1644808766974291125,38, transpose_hybrid, 111450, 350000,1695,9501,1695
244, 1644808766979864842,38, transpose_hybrid, 111450, 350000,1695,9501,1695
245, 1644808766983785466,38, transpose_hybrid, 111450, 350000,1695,9501,1695
246, 1644808766987798530,38, transpose_hybrid, 111450, 350000,1695,9501,1695
247, 1644808766992284384,39, transpose_hybrid, 114592, 350000,1695,9501,1695
248, 1644808766998554950,39, transpose_hybrid, 114592, 350000,1695,9501,1695
249, 1644808767002638716,39, transpose_hybrid, 114592, 350000,1695,9501,1695
250, 1644808767006577615,39, transpose_hybrid, 114592, 350000,1695,9501,1695
251, 1644808767010511055,39, transpose_hybrid, 114592, 350000,1695,9501,1695
252, 1644808767014910804,39, transpose_hybrid, 114592, 350000,1695,9501,1695
253, 1644808767021347406,39, transpose_hybrid, 114592, 350000,1695,9501,1695
254, 1644808767025457639,39, transpose_hybrid, 114592, 350000,1695,9501,1695
255, 1644808767029003274,39, transpose_hybrid, 114592, 350000,1695,9501,1695
256, 1644808767032431056,39, transpose_hybrid, 114592, 350000,1695,9501,1695
257, 1644808767036417871,39, transpose_hybrid, 114592, 350000,1695,9501,1695
258, 1644808767041757243,39, transpose_hybrid, 114592, 350000,1695,9501,1695
259, 1644808767045786110,39, transpose_hybrid, 114592, 350000,1695,9501,1695
260, 1644808767049219127,39, transpose_hybrid, 114592, 350000,1695,9501,1695
261, 1644808767052424974,38, transpose_hybrid, 114592, 350000,1695,9501,1695
262, 1644808767055874620,38, transpose_hybrid, 114592, 350000,1695,9501,1695
263, 1644808767061221456,38, transpose_hybrid, 114592, 350000,1695,9501,1695
264, 1644808767066228815,38, transpose_hybrid, 114592, 350000,1695,9501,1695
265, 1644808767069638503,38, transpose_hybrid, 114592, 350000,1695,9501,1695
266, 1644808767073071226,38, transpose_hybrid, 114592, 350000,1695,9501,1695
267, 1644808767076659690,38, transpose_hybrid, 114592, 350000,1695,9501,1695
268, 1644808767081516030,38, transpose_hybrid, 114592, 350000,1695,9501,1695
269, 1644808767086908020,38, transpose_hybrid, 114592, 350000,1695,9501,1695
270, 1644808767090425994,38, transpose_hybrid, 114592, 350000,1695,9501,1695
271, 1644808767093805242,38, transpose_hybrid, 114592, 350000,1695,9501,1695
272, 1644808767097478739,38, transpose_hybrid, 114592, 350000,1695,9501,1695
273, 1644808767101895595,38, transpose_hybrid, 118217, 350000,1695,9501,1695
274, 1644808767110689691,38, transpose_hybrid, 118217, 350000,1695,9501,1695
275, 1644808767114176274,38, transpose_hybrid, 118217, 350000,1695,9501,1695
276, 1644808767117604803,38, transpose_hybrid, 118217, 350000,1695,9501,1695
277, 1644808767121014561,38, transpose_hybrid, 118217, 350000,1695,9501,1695
278, 1644808767126306629,38, transpose_hybrid, 118217, 350000,1695,9501,1695
279, 1644808767130336471,38, transpose_hybrid, 118217, 350000,1695,9501,1695
280, 1644808767133725966,38, transpose_hybrid, 118217, 350000,1695,9501,1695
281, 1644808767137161528,38, transpose_hybrid, 118217, 350000,1695,9501,1695
282, 1644808767140567513,38, transpose_hybrid, 118217, 350000,1695,9501,1695
283, 1644808767144812612,38, transpose_hybrid, 118217, 350000,1695,9501,1695
284, 1644808767150642742,38, transpose_hybrid, 118217, 350000,1695,9501,1695
285, 1644808767154159683,38, transpose_hybrid, 118217, 350000,1695,9501,1695
286, 1644808767157542908,38, transpose_hybrid, 118217, 350000,1695,9501,1695
287, 1644808767160967596,38, transpose_hybrid, 118217, 350000,1695,9501,1695
288, 1644808767164364737,38, transpose_hybrid, 118217, 350000,1695,9501,1695
289, 1644808767169694999,38, transpose_hybrid, 118217, 350000,1695,9501,1695
290, 1644808767173233265,38, transpose_hybrid, 118217, 350000,1695,9501,1695
291, 1644808767176636959,38, transpose_hybrid, 118217, 350000,1695,9501,1695
292, 1644808767180013144,38, transpose_hybrid, 118217, 350000,1695,9501,1695
293, 1644808767183391165,38, transpose_hybrid, 118217, 350000,1695,9501,1695
294, 1644808767187496078,38, transpose_hybrid, 118217, 350000,1695,9501,1695
295, 1644808767192724252,38, transpose_hybrid, 118217, 350000,1695,9501,1695
296, 1644808767196172697,38, transpose_hybrid, 118217, 350000,1695,9501,1695
297, 1644808767199573182,38, transpose_hybrid, 118217, 350000,1695,9501,1695
298, 1644808767202959893,38, transpose_hybrid, 118217, 350000,1695,9501,1695
299, 1644808767206748056,38, transpose_hybrid, 118200, 350000,1695,9501,1695
300, 1644808767212087153,38, transpose_hybrid, 118200, 350000,1695,9501,1695
301, 1644808767216201779,38, transpose_hybrid, 118200, 350000,1695,9501,1695
302, 1644808767219406053,38, transpose_hybrid, 118200, 350000,1695,9501,1695
303, 1644808767222795132,38, transpose_hybrid, 118200, 350000,1695,9501,1695
304, 1644808767226552511,38, transpose_hybrid, 118200, 350000,1695,9501,1695
305, 1644808767230786236,38, transpose_hybrid, 118200, 350000,1695,9501,1695
306, 1644808767236421121,38, transpose_hybrid, 118200, 350000,1695,9501,1695
307, 1644808767239857687,38, transpose_hybrid, 118200, 350000,1695,9501,1695
308, 1644808767243282529,38, transpose_hybrid, 118200, 350000,1695,9501,1695
309, 1644808767246653854,38, transpose_hybrid, 118200, 350000,1695,9501,1695
310, 1644808767250044671,38, transpose_hybrid, 118200, 350000,1695,9501,1695
311, 1644808767255289813,38, transpose_hybrid, 118200, 350000,1695,9501,1695
312, 1644808767259110266,38, transpose_hybrid, 118200, 350000,1695,9501,1695
313, 1644808767262639180,38, transpose_hybrid, 118200, 350000,1695,9501,1695
314, 1644808767266023801,38, transpose_hybrid, 118200, 350000,1695,9501,1695
315, 1644808767269423083,38, transpose_hybrid, 118200, 350000,1695,9501,1695
316, 1644808767273524553,38, transpose_hybrid, 118200, 350000,1695,9501,1695
317, 1644808767278699169,38, transpose_hybrid, 118200, 350000,1695,9501,1695
318, 1644808767282175961,38, transpose_hybrid, 118200, 350000,1695,9501,1695
319, 1644808767285607487,38, transpose_hybrid, 118200, 350000,1695,9501,1695
320, 1644808767289024899,38, transpose_hybrid, 118200, 350000,1695,9501,1695
321, 1644808767292447128,38, transpose_hybrid, 118200, 350000,1695,9501,1695
322, 1644808767297604163,38, transpose_hybrid, 118200, 350000,1695,9501,1695
323, 1644808767301980246,38, transpose_hybrid, 118200, 350000,1695,9501,1695
324, 1644808767305394944,38, transpose_hybrid, 118200, 350000,1695,9501,1695
325, 1644808767308789848,38, transpose_hybrid, 118200, 350000,1695,9501,1695
326, 1644808767312421402,38, transpose_hybrid, 118200, 350000,1695,9501,1695
327, 1644808767316708422,38, transpose_hybrid, 118249, 350000,1695,9501,1695
328, 1644808767325373691,38, transpose_hybrid, 118249, 350000,1695,9501,1695
329, 1644808767328855361,38, transpose_hybrid, 118249, 350000,1695,9501,1695
330, 1644808767332310331,38, transpose_hybrid, 118249, 350000,1695,9501,1695
331, 1644808767335704685,38, transpose_hybrid, 118249, 350000,1695,9501,1695
332, 1644808767341113182,38, transpose_hybrid, 118249, 350000,1695,9501,1695
333, 1644808767345532042,38, transpose_hybrid, 118249, 350000,1695,9501,1695
334, 1644808767348960501,38, transpose_hybrid, 118249, 350000,1695,9501,1695
335, 1644808767352383127,38, transpose_hybrid, 118249, 350000,1695,9501,1695
336, 1644808767355773841,38, transpose_hybrid, 118249, 350000,1695,9501,1695
337, 1644808767360525534,38, transpose_hybrid, 118249, 350000,1695,9501,1695
338, 1644808767365626322,38, transpose_hybrid, 118249, 350000,1695,9501,1695
339, 1644808767369137639,38, transpose_hybrid, 118249, 350000,1695,9501,1695
340, 1644808767372562004,38, transpose_hybrid, 118249, 350000,1695,9501,1695
341, 1644808767376005467,38, transpose_hybrid, 118249, 350000,1695,9501,1695
342, 1644808767379485541,38, transpose_hybrid, 118249, 350000,1695,9501,1695
343, 1644808767384839483,38, transpose_hybrid, 118249, 350000,1695,9501,1695
344, 1644808767389038229,38, transpose_hybrid, 118249, 350000,1695,9501,1695
345, 1644808767392480050,38, transpose_hybrid, 118249, 350000,1695,9501,1695
346, 1644808767395927641,38, transpose_hybrid, 118249, 350000,1695,9501,1695
347, 1644808767399354019,38, transpose_hybrid, 118249, 350000,1695,9501,1695
348, 1644808767404361047,38, transpose_hybrid, 118249, 350000,1695,9501,1695
349, 1644808767409384643,38, transpose_hybrid, 118249, 350000,1695,9501,1695
350, 1644808767412825186,38, transpose_hybrid, 118249, 350000,1695,9501,1695
351, 1644808767416268115,38, transpose_hybrid, 118249, 350000,1695,9501,1695
352, 1644808767420037004,38, transpose_hybrid, 118249, 350000,1695,9501,1695
353, 1644808767424564353,38, transpose_hybrid, 118336, 350000,1695,9501,1695
354, 1644808767430420340,38, transpose_hybrid, 118336, 350000,1695,9501,1695
355, 1644808767433926577,38, transpose_hybrid, 118336, 350000,1695,9501,1695
356, 1644808767437412307,38, transpose_hybrid, 118336, 350000,1695,9501,1695
357, 1644808767440858697,38, transpose_hybrid, 118336, 350000,1695,9501,1695
358, 1644808767444762608,38, transpose_hybrid, 118336, 350000,1695,9501,1695
359, 1644808767450433017,38, transpose_hybrid, 118336, 350000,1695,9501,1695
360, 1644808767453994893,38, transpose_hybrid, 118336, 350000,1695,9501,1695
361, 1644808767457425158,38, transpose_hybrid, 118336, 350000,1695,9501,1695
362, 1644808767460916372,38, transpose_hybrid, 118336, 350000,1695,9501,1695
363, 1644808767464360131,38, transpose_hybrid, 118336, 350000,1695,9501,1695
364, 1644808767469776159,38, transpose_hybrid, 118336, 350000,1695,9501,1695
365, 1644808767474006927,38, transpose_hybrid, 118336, 350000,1695,9501,1695
366, 1644808767477707802,38, transpose_hybrid, 118336, 350000,1695,9501,1695
367, 1644808767481150711,38, transpose_hybrid, 118336, 350000,1695,9501,1695
368, 1644808767484601714,38, transpose_hybrid, 118336, 350000,1695,9501,1695
369, 1644808767489198314,38, transpose_hybrid, 118336, 350000,1695,9501,1695
370, 1644808767494411521,38, transpose_hybrid, 118336, 350000,1695,9501,1695
371, 1644808767497896688,38, transpose_hybrid, 118336, 350000,1695,9501,1695
372, 1644808767501369163,38, transpose_hybrid, 118336, 350000,1695,9501,1695
373, 1644808767504816130,38, transpose_hybrid, 118336, 350000,1695,9501,1695
374, 1644808767508283029,38, transpose_hybrid, 118336, 350000,1695,9501,1695
375, 1644808767513636059,38, transpose_hybrid, 118336, 350000,1695,9501,1695
376, 1644808767517182550,38, transpose_hybrid, 118336, 350000,1695,9501,1695
377, 1644808767520645420,38, transpose_hybrid, 118336, 350000,1695,9501,1695
378, 1644808767524116096,38, transpose_hybrid, 118336, 350000,1695,9501,1695
379, 1644808767527627460,38, transpose_hybrid, 118336, 350000,1695,9501,1695
380, 1644808767532168382,38, transpose_hybrid, 118399, 350000,1695,9501,1695
381, 1644808767540033311,38, transpose_hybrid, 118399, 350000,1695,9501,1695
382, 1644808767543496224,38, transpose_hybrid, 118399, 350000,1695,9501,1695
383, 1644808767546944750,38, transpose_hybrid, 118399, 350000,1695,9501,1695
384, 1644808767550393913,38, transpose_hybrid, 118399, 350000,1695,9501,1695
385, 1644808767555479993,38, transpose_hybrid, 118399, 350000,1695,9501,1695
386, 1644808767560379310,38, transpose_hybrid, 118399, 350000,1695,9501,1695
387, 1644808767563828929,38, transpose_hybrid, 118399, 350000,1695,9501,1695
388, 1644808767567309556,38, transpose_hybrid, 118399, 350000,1695,9501,1695
389, 1644808767570771455,38, transpose_hybrid, 118399, 350000,1695,9501,1695
390, 1644808767575315784,38, transpose_hybrid, 118399, 350000,1695,9501,1695
391, 1644808767580948239,38, transpose_hybrid, 118399, 350000,1695,9501,1695
392, 1644808767584419326,38, transpose_hybrid, 118399, 350000,1695,9501,1695
393, 1644808767587887502,38, transpose_hybrid, 118399, 350000,1695,9501,1695
394, 1644808767591336845,38, transpose_hybrid, 118399, 350000,1695,9501,1695
395, 1644808767594880350,38, transpose_hybrid, 118399, 350000,1695,9501,1695
396, 1644808767600087169,38, transpose_hybrid, 118399, 350000,1695,9501,1695
397, 1644808767603804883,38, transpose_hybrid, 118399, 350000,1695,9501,1695
398, 1644808767607271881,38, transpose_hybrid, 118399, 350000,1695,9501,1695
399, 1644808767610720019,38, transpose_hybrid, 118399, 350000,1695,9501,1695
400, 1644808767614176865,38, transpose_hybrid, 118399, 350000,1695,9501,1695
401, 1644808767618870425,38, transpose_hybrid, 118399, 350000,1695,9501,1695
402, 1644808767623840769,38, transpose_hybrid, 118399, 350000,1695,9501,1695
403, 1644808767627293905,38, transpose_hybrid, 118399, 350000,1695,9501,1695
404, 1644808767630758758,38, transpose_hybrid, 118399, 350000,1695,9501,1695
405, 1644808767634466750,38, transpose_hybrid, 118399, 350000,1695,9501,1695
406, 1644808767638897703,38, transpose_hybrid, 118472, 350000,1695,9501,1695
407, 1644808767644419772,38, transpose_hybrid, 118472, 350000,1695,9501,1695
408, 1644808767647975484,38, transpose_hybrid, 118472, 350000,1695,9501,1695
409, 1644808767651465414,38, transpose_hybrid, 118472, 350000,1695,9501,1695
410, 1644808767654925633,38, transpose_hybrid, 118472, 350000,1695,9501,1695
411, 1644808767658375053,38, transpose_hybrid, 118472, 350000,1695,9501,1695
412, 1644808767663720872,38, transpose_hybrid, 118472, 350000,1695,9501,1695
413, 1644808767668029333,38, transpose_hybrid, 118472, 350000,1695,9501,1695
414, 1644808767671587288,38, transpose_hybrid, 118472, 350000,1695,9501,1695
415, 1644808767675043484,38, transpose_hybrid, 118472, 350000,1695,9501,1695
416, 1644808767678483516,38, transpose_hybrid, 118472, 350000,1695,9501,1695
417, 1644808767682991285,38, transpose_hybrid, 118472, 350000,1695,9501,1695
418, 1644808767688623859,38, transpose_hybrid, 118472, 350000,1695,9501,1695
419, 1644808767692144108,38, transpose_hybrid, 118472, 350000,1695,9501,1695
420, 1644808767695582053,38, transpose_hybrid, 118472, 350000,1695,9501,1695
421, 1644808767699025802,38, transpose_hybrid, 118472, 350000,1695,9501,1695
422, 1644808767702644081,38, transpose_hybrid, 118472, 350000,1695,9501,1695
423, 1644808767707964000,38, transpose_hybrid, 118472, 350000,1695,9501,1695
424, 1644808767711624791,38, transpose_hybrid, 118472, 350000,1695,9501,1695
425, 1644808767715077791,38, transpose_hybrid, 118472, 350000,1695,9501,1695
426, 1644808767718540526,38, transpose_hybrid, 118472, 350000,1695,9501,1695
427, 1644808767721997106,38, transpose_hybrid, 118472, 350000,1695,9501,1695
428, 1644808767726761246,38, transpose_hybrid, 118472, 350000,1695,9501,1695
429, 1644808767731802552,38, transpose_hybrid, 118472, 350000,1695,9501,1695
430, 1644808767735283826,38, transpose_hybrid, 118472, 350000,1695,9501,1695
431, 1644808767738722758,38, transpose_hybrid, 118472, 350000,1695,9501,1695
432, 1644808767742261249,38, transpose_hybrid, 118472, 350000,1695,9501,1695
433, 1644808767746655121,38, transpose_hybrid, 118535, 350000,1695,9501,1695
434, 1644808767752621121,38, transpose_hybrid, 118535, 350000,1695,9501,1695
435, 1644808767757342524,38, transpose_hybrid, 118535, 350000,1695,9501,1695
436, 1644808767760774805,38, transpose_hybrid, 118535, 350000,1695,9501,1695
437, 1644808767764236038,38, transpose_hybrid, 118535, 350000,1695,9501,1695
438, 1644808767768631608,38, transpose_hybrid, 118535, 350000,1695,9501,1695
439, 1644808767774301428,38, transpose_hybrid, 118535, 350000,1695,9501,1695
440, 1644808767777829519,38, transpose_hybrid, 118535, 350000,1695,9501,1695
441, 1644808767781268790,38, transpose_hybrid, 118535, 350000,1695,9501,1695
442, 1644808767784694916,38, transpose_hybrid, 118535, 350000,1695,9501,1695
443, 1644808767788140729,38, transpose_hybrid, 118535, 350000,1695,9501,1695
444, 1644808767793461461,38, transpose_hybrid, 118535, 350000,1695,9501,1695
445, 1644808767797003859,38, transpose_hybrid, 118535, 350000,1695,9501,1695
446, 1644808767800567224,38, transpose_hybrid, 118535, 350000,1695,9501,1695
447, 1644808767804046274,38, transpose_hybrid, 118535, 350000,1695,9501,1695
448, 1644808767807524966,38, transpose_hybrid, 118535, 350000,1695,9501,1695
449, 1644808767812208066,38, transpose_hybrid, 118535, 350000,1695,9501,1695
450, 1644808767817572965,38, transpose_hybrid, 118535, 350000,1695,9501,1695
451, 1644808767821046084,38, transpose_hybrid, 118535, 350000,1695,9501,1695
452, 1644808767824524722,38, transpose_hybrid, 118535, 350000,1695,9501,1695
453, 1644808767827965014,38, transpose_hybrid, 118535, 350000,1695,9501,1695
454, 1644808767831535052,38, transpose_hybrid, 118535, 350000,1695,9501,1695
455, 1644808767836815934,38, transpose_hybrid, 118535, 350000,1695,9501,1695
456, 1644808767840845141,38, transpose_hybrid, 118535, 350000,1695,9501,1695
457, 1644808767844302188,38, transpose_hybrid, 118535, 350000,1695,9501,1695
458, 1644808767847753358,38, transpose_hybrid, 118535, 350000,1695,9501,1695
459, 1644808767851323172,38, transpose_hybrid, 118584, 350000,1695,9501,1695
460, 1644808767856422379,38, transpose_hybrid, 118584, 350000,1695,9501,1695
461, 1644808767861402134,38, transpose_hybrid, 118584, 350000,1695,9501,1695
462, 1644808767864860711,38, transpose_hybrid, 118584, 350000,1695,9501,1695
463, 1644808767868280573,38, transpose_hybrid, 118584, 350000,1695,9501,1695
464, 1644808767871716851,38, transpose_hybrid, 118584, 350000,1695,9501,1695
465, 1644808767876009625,38, transpose_hybrid, 118584, 350000,1695,9501,1695
466, 1644808767881779264,38, transpose_hybrid, 118584, 350000,1695,9501,1695
467, 1644808767885291631,38, transpose_hybrid, 118584, 350000,1695,9501,1695
468, 1644808767888752724,38, transpose_hybrid, 118584, 350000,1695,9501,1695
469, 1644808767892224787,38, transpose_hybrid, 118584, 350000,1695,9501,1695
470, 1644808767895817756,38, transpose_hybrid, 118584, 350000,1695,9501,1695
471, 1644808767901107898,38, transpose_hybrid, 118584, 350000,1695,9501,1695
472, 1644808767904659565,38, transpose_hybrid, 118584, 350000,1695,9501,1695
473, 1644808767908233721,38, transpose_hybrid, 118584, 350000,1695,9501,1695
474, 1644808767911667917,38, transpose_hybrid, 118584, 350000,1695,9501,1695
475, 1644808767915127923,38, transpose_hybrid, 118584, 350000,1695,9501,1695
476, 1644808767919719063,38, transpose_hybrid, 118584, 350000,1695,9501,1695
477, 1644808767925042458,38, transpose_hybrid, 118584, 350000,1695,9501,1695
478, 1644808767928553208,38, transpose_hybrid, 118584, 350000,1695,9501,1695
479, 1644808767932008848,38, transpose_hybrid, 118584, 350000,1695,9501,1695
480, 1644808767935446953,38, transpose_hybrid, 118584, 350000,1695,9501,1695
481, 1644808767938907794,38, transpose_hybrid, 118584, 350000,1695,9501,1695
482, 1644808767944313794,38, transpose_hybrid, 118584, 350000,1695,9501,1695
483, 1644808767947886706,38, transpose_hybrid, 118584, 350000,1695,9501,1695
484, 1644808767951318022,38, transpose_hybrid, 118584, 350000,1695,9501,1695
485, 1644808767954753693,38, transpose_hybrid, 118584, 350000,1695,9501,1695
486, 1644808767958229073,38, transpose_hybrid, 118584, 350000,1695,9501,1695
487, 1644808767962891442,38, transpose_hybrid, 118623, 350000,1695,9501,1695
488, 1644808767970985179,38, transpose_hybrid, 118623, 350000,1695,9501,1695
489, 1644808767974486915,38, transpose_hybrid, 118623, 350000,1695,9501,1695
490, 1644808767977930799,38, transpose_hybrid, 118623, 350000,1695,9501,1695
491, 1644808767981359208,38, transpose_hybrid, 118623, 350000,1695,9501,1695
492, 1644808767986706189,38, transpose_hybrid, 118623, 350000,1695,9501,1695
493, 1644808767991071145,38, transpose_hybrid, 118623, 350000,1695,9501,1695
494, 1644808767994540831,38, transpose_hybrid, 118623, 350000,1695,9501,1695
495, 1644808767997976504,38, transpose_hybrid, 118623, 350000,1695,9501,1695
496, 1644808768001419850,38, transpose_hybrid, 118623, 350000,1695,9501,1695
497, 1644808768006165172,38, transpose_hybrid, 118623, 350000,1695,9501,1695
498, 1644808768011353526,38, transpose_hybrid, 118623, 350000,1695,9501,1695
499, 1644808768014965238,38, transpose_hybrid, 118623, 350000,1695,9501,1695
500, 1644808768018436075,38, transpose_hybrid, 118623, 350000,1695,9501,1695
501, 1644808768021891421,38, transpose_hybrid, 118623, 350000,1695,9501,1695
