timestep, temperature_gpu, type, power_draw_w, power_limit_w, g_clock_freq_mhz, mem_clock_freq_mhz, sm_clock_freq_mhz
0, 36, shfl_nested, 107, 350,1695,9501,1695
1, 36, shfl_nested, 107, 350,1695,9501,1695
2, 37, shfl_nested, 107, 350,1695,9501,1695
3, 37, shfl_nested, 107, 350,1695,9501,1695
4, 37, shfl_nested, 107, 350,1695,9501,1695
5, 37, shfl_nested, 107, 350,1695,9501,1695
6, 37, shfl_nested, 107, 350,1695,9501,1695
7, 37, shfl_nested, 107, 350,1695,9501,1695
8, 37, shfl_nested, 107, 350,1695,9501,1695
9, 37, shfl_nested, 107, 350,1695,9501,1695
10, 37, shfl_nested, 107, 350,1695,9501,1695
11, 37, shfl_nested, 107, 350,1695,9501,1695
12, 37, shfl_nested, 107, 350,1695,9501,1695
13, 37, shfl_nested, 107, 350,1695,9501,1695
14, 37, shfl_nested, 107, 350,1695,9501,1695
15, 37, shfl_nested, 107, 350,1695,9501,1695
16, 37, shfl_nested, 107, 350,1695,9501,1695
17, 37, shfl_nested, 107, 350,1695,9501,1695
18, 37, shfl_nested, 107, 350,1695,9501,1695
19, 37, shfl_nested, 107, 350,1695,9501,1695
20, 37, shfl_nested, 107, 350,1695,9501,1695
21, 37, shfl_nested, 108, 350,1695,9501,1695
22, 37, shfl_nested, 108, 350,1695,9501,1695
23, 37, shfl_nested, 108, 350,1695,9501,1695
24, 37, shfl_nested, 108, 350,1695,9501,1695
25, 37, shfl_nested, 108, 350,1695,9501,1695
26, 37, shfl_nested, 108, 350,1695,9501,1695
27, 37, shfl_nested, 108, 350,1695,9501,1695
28, 37, shfl_nested, 108, 350,1695,9501,1695
29, 37, shfl_nested, 108, 350,1695,9501,1695
30, 37, shfl_nested, 108, 350,1695,9501,1695
31, 37, shfl_nested, 108, 350,1695,9501,1695
32, 37, shfl_nested, 108, 350,1695,9501,1695
33, 37, shfl_nested, 108, 350,1695,9501,1695
34, 37, shfl_nested, 108, 350,1695,9501,1695
35, 37, shfl_nested, 108, 350,1695,9501,1695
36, 37, shfl_nested, 108, 350,1695,9501,1695
37, 37, shfl_nested, 108, 350,1695,9501,1695
38, 37, shfl_nested, 108, 350,1695,9501,1695
39, 37, shfl_nested, 108, 350,1695,9501,1695
40, 37, shfl_nested, 108, 350,1695,9501,1695
41, 37, shfl_nested, 108, 350,1695,9501,1695
42, 37, shfl_nested, 108, 350,1695,9501,1695
43, 37, shfl_nested, 108, 350,1695,9501,1695
44, 37, shfl_nested, 108, 350,1695,9501,1695
45, 37, shfl_nested, 108, 350,1695,9501,1695
46, 37, shfl_nested, 108, 350,1695,9501,1695
47, 37, shfl_nested, 108, 350,1695,9501,1695
48, 37, shfl_nested, 108, 350,1695,9501,1695
49, 37, shfl_nested, 108, 350,1695,9501,1695
50, 37, shfl_nested, 108, 350,1695,9501,1695
51, 37, shfl_nested, 108, 350,1695,9501,1695
52, 37, shfl_nested, 108, 350,1695,9501,1695
53, 37, shfl_nested, 108, 350,1695,9501,1695
54, 37, shfl_nested, 108, 350,1695,9501,1695
55, 37, shfl_nested, 108, 350,1695,9501,1695
56, 37, shfl_nested, 108, 350,1695,9501,1695
57, 37, shfl_nested, 108, 350,1695,9501,1695
58, 37, shfl_nested, 108, 350,1695,9501,1695
59, 37, shfl_nested, 108, 350,1695,9501,1695
60, 37, shfl_nested, 108, 350,1695,9501,1695
61, 37, shfl_nested, 108, 350,1695,9501,1695
62, 37, shfl_nested, 108, 350,1695,9501,1695
63, 37, shfl_nested, 108, 350,1695,9501,1695
64, 37, shfl_nested, 108, 350,1695,9501,1695
65, 37, shfl_nested, 108, 350,1695,9501,1695
66, 37, shfl_nested, 108, 350,1695,9501,1695
67, 37, shfl_nested, 108, 350,1695,9501,1695
68, 37, shfl_nested, 108, 350,1695,9501,1695
69, 37, shfl_nested, 108, 350,1695,9501,1695
70, 37, shfl_nested, 108, 350,1695,9501,1695
71, 37, shfl_nested, 108, 350,1695,9501,1695
72, 37, shfl_nested, 108, 350,1695,9501,1695
73, 37, shfl_nested, 108, 350,1695,9501,1695
74, 37, shfl_nested, 108, 350,1695,9501,1695
75, 37, shfl_nested, 108, 350,1695,9501,1695
76, 37, shfl_nested, 108, 350,1695,9501,1695
77, 37, shfl_nested, 108, 350,1695,9501,1695
78, 37, shfl_nested, 108, 350,1695,9501,1695
79, 37, shfl_nested, 108, 350,1695,9501,1695
80, 37, shfl_nested, 108, 350,1695,9501,1695
81, 37, shfl_nested, 108, 350,1695,9501,1695
82, 37, shfl_nested, 108, 350,1695,9501,1695
83, 37, shfl_nested, 108, 350,1695,9501,1695
84, 37, shfl_nested, 108, 350,1695,9501,1695
85, 37, shfl_nested, 108, 350,1695,9501,1695
86, 37, shfl_nested, 108, 350,1695,9501,1695
87, 37, shfl_nested, 108, 350,1695,9501,1695
88, 37, shfl_nested, 108, 350,1695,9501,1695
89, 37, shfl_nested, 108, 350,1695,9501,1695
90, 37, shfl_nested, 109, 350,1695,9501,1695
91, 37, shfl_nested, 109, 350,1695,9501,1695
92, 37, shfl_nested, 109, 350,1695,9501,1695
93, 37, shfl_nested, 109, 350,1695,9501,1695
94, 37, shfl_nested, 109, 350,1695,9501,1695
95, 37, shfl_nested, 109, 350,1695,9501,1695
96, 37, shfl_nested, 109, 350,1695,9501,1695
97, 37, shfl_nested, 109, 350,1695,9501,1695
98, 37, shfl_nested, 109, 350,1695,9501,1695
99, 37, shfl_nested, 109, 350,1695,9501,1695
100, 37, shfl_nested, 109, 350,1695,9501,1695
101, 37, shfl_nested, 109, 350,1695,9501,1695
102, 37, shfl_nested, 109, 350,1695,9501,1695
103, 37, shfl_nested, 109, 350,1695,9501,1695
104, 37, shfl_nested, 109, 350,1695,9501,1695
105, 37, shfl_nested, 109, 350,1695,9501,1695
106, 37, shfl_nested, 109, 350,1695,9501,1695
107, 37, shfl_nested, 109, 350,1695,9501,1695
108, 37, shfl_nested, 109, 350,1695,9501,1695
109, 37, shfl_nested, 109, 350,1695,9501,1695
110, 37, shfl_nested, 109, 350,1695,9501,1695
111, 37, shfl_nested, 109, 350,1695,9501,1695
112, 37, shfl_nested, 109, 350,1695,9501,1695
113, 37, shfl_nested, 109, 350,1695,9501,1695
114, 37, shfl_nested, 109, 350,1695,9501,1695
115, 37, shfl_nested, 109, 350,1695,9501,1695
116, 37, shfl_nested, 109, 350,1695,9501,1695
117, 37, shfl_nested, 109, 350,1695,9501,1695
118, 37, shfl_nested, 109, 350,1695,9501,1695
119, 37, shfl_nested, 109, 350,1695,9501,1695
120, 37, shfl_nested, 109, 350,1695,9501,1695
121, 37, shfl_nested, 109, 350,1695,9501,1695
122, 37, shfl_nested, 109, 350,1695,9501,1695
123, 37, shfl_nested, 109, 350,1695,9501,1695
124, 37, shfl_nested, 109, 350,1695,9501,1695
125, 37, shfl_nested, 110, 350,1695,9501,1695
126, 37, shfl_nested, 110, 350,1695,9501,1695
127, 37, shfl_nested, 110, 350,1695,9501,1695
128, 37, shfl_nested, 110, 350,1695,9501,1695
129, 37, shfl_nested, 110, 350,1695,9501,1695
130, 37, shfl_nested, 110, 350,1695,9501,1695
131, 37, shfl_nested, 110, 350,1695,9501,1695
132, 37, shfl_nested, 110, 350,1695,9501,1695
133, 37, shfl_nested, 110, 350,1695,9501,1695
134, 37, shfl_nested, 110, 350,1695,9501,1695
135, 37, shfl_nested, 110, 350,1695,9501,1695
136, 37, shfl_nested, 110, 350,1695,9501,1695
137, 37, shfl_nested, 110, 350,1695,9501,1695
138, 37, shfl_nested, 110, 350,1695,9501,1695
139, 37, shfl_nested, 110, 350,1695,9501,1695
140, 37, shfl_nested, 110, 350,1695,9501,1695
141, 37, shfl_nested, 110, 350,1695,9501,1695
142, 37, shfl_nested, 110, 350,1695,9501,1695
143, 37, shfl_nested, 110, 350,1695,9501,1695
144, 37, shfl_nested, 110, 350,1695,9501,1695
145, 37, shfl_nested, 110, 350,1695,9501,1695
146, 37, shfl_nested, 110, 350,1695,9501,1695
147, 37, shfl_nested, 110, 350,1695,9501,1695
148, 37, shfl_nested, 110, 350,1695,9501,1695
149, 37, shfl_nested, 110, 350,1695,9501,1695
150, 37, shfl_nested, 110, 350,1695,9501,1695
151, 37, shfl_nested, 110, 350,1695,9501,1695
152, 37, shfl_nested, 110, 350,1695,9501,1695
153, 37, shfl_nested, 110, 350,1695,9501,1695
154, 37, shfl_nested, 110, 350,1695,9501,1695
155, 37, shfl_nested, 110, 350,1695,9501,1695
156, 37, shfl_nested, 110, 350,1695,9501,1695
157, 37, shfl_nested, 110, 350,1695,9501,1695
158, 37, shfl_nested, 110, 350,1695,9501,1695
159, 37, shfl_nested, 110, 350,1695,9501,1695
160, 37, shfl_nested, 110, 350,1695,9501,1695
161, 37, shfl_nested, 110, 350,1695,9501,1695
162, 37, shfl_nested, 110, 350,1695,9501,1695
163, 37, shfl_nested, 110, 350,1695,9501,1695
164, 37, shfl_nested, 110, 350,1695,9501,1695
165, 37, shfl_nested, 110, 350,1695,9501,1695
166, 37, shfl_nested, 110, 350,1695,9501,1695
167, 37, shfl_nested, 110, 350,1695,9501,1695
168, 37, shfl_nested, 110, 350,1695,9501,1695
169, 37, shfl_nested, 110, 350,1695,9501,1695
170, 37, shfl_nested, 110, 350,1695,9501,1695
171, 37, shfl_nested, 110, 350,1695,9501,1695
172, 37, shfl_nested, 110, 350,1695,9501,1695
173, 37, shfl_nested, 110, 350,1695,9501,1695
174, 37, shfl_nested, 110, 350,1695,9501,1695
175, 37, shfl_nested, 110, 350,1695,9501,1695
176, 37, shfl_nested, 110, 350,1695,9501,1695
177, 37, shfl_nested, 110, 350,1695,9501,1695
178, 37, shfl_nested, 110, 350,1695,9501,1695
179, 37, shfl_nested, 110, 350,1695,9501,1695
180, 37, shfl_nested, 110, 350,1695,9501,1695
181, 37, shfl_nested, 110, 350,1695,9501,1695
182, 37, shfl_nested, 110, 350,1695,9501,1695
183, 37, shfl_nested, 110, 350,1695,9501,1695
184, 37, shfl_nested, 110, 350,1695,9501,1695
185, 37, shfl_nested, 110, 350,1695,9501,1695
186, 37, shfl_nested, 110, 350,1695,9501,1695
187, 37, shfl_nested, 110, 350,1695,9501,1695
188, 37, shfl_nested, 110, 350,1695,9501,1695
189, 37, shfl_nested, 110, 350,1695,9501,1695
190, 37, shfl_nested, 110, 350,1695,9501,1695
191, 37, shfl_nested, 110, 350,1695,9501,1695
192, 37, shfl_nested, 110, 350,1695,9501,1695
193, 37, shfl_nested, 110, 350,1695,9501,1695
194, 37, shfl_nested, 110, 350,1695,9501,1695
195, 37, shfl_nested, 111, 350,1695,9501,1695
196, 37, shfl_nested, 111, 350,1695,9501,1695
197, 37, shfl_nested, 111, 350,1695,9501,1695
198, 37, shfl_nested, 111, 350,1695,9501,1695
199, 37, shfl_nested, 111, 350,1695,9501,1695
200, 37, shfl_nested, 111, 350,1695,9501,1695
201, 37, shfl_nested, 111, 350,1695,9501,1695
202, 37, shfl_nested, 111, 350,1695,9501,1695
203, 37, shfl_nested, 111, 350,1695,9501,1695
204, 37, shfl_nested, 111, 350,1695,9501,1695
205, 37, shfl_nested, 111, 350,1695,9501,1695
206, 37, shfl_nested, 111, 350,1695,9501,1695
207, 37, shfl_nested, 111, 350,1695,9501,1695
208, 37, shfl_nested, 111, 350,1695,9501,1695
209, 37, shfl_nested, 111, 350,1695,9501,1695
210, 37, shfl_nested, 111, 350,1695,9501,1695
211, 37, shfl_nested, 111, 350,1695,9501,1695
212, 37, shfl_nested, 111, 350,1695,9501,1695
213, 37, shfl_nested, 111, 350,1695,9501,1695
214, 37, shfl_nested, 111, 350,1695,9501,1695
215, 37, shfl_nested, 111, 350,1695,9501,1695
216, 37, shfl_nested, 111, 350,1695,9501,1695
217, 37, shfl_nested, 111, 350,1695,9501,1695
218, 37, shfl_nested, 111, 350,1695,9501,1695
219, 37, shfl_nested, 111, 350,1695,9501,1695
220, 37, shfl_nested, 111, 350,1695,9501,1695
221, 37, shfl_nested, 111, 350,1695,9501,1695
222, 37, shfl_nested, 111, 350,1695,9501,1695
223, 37, shfl_nested, 111, 350,1695,9501,1695
224, 37, shfl_nested, 111, 350,1695,9501,1695
225, 37, shfl_nested, 111, 350,1695,9501,1695
226, 37, shfl_nested, 111, 350,1695,9501,1695
227, 37, shfl_nested, 111, 350,1695,9501,1695
228, 37, shfl_nested, 111, 350,1695,9501,1695
229, 37, shfl_nested, 111, 350,1695,9501,1695
230, 37, shfl_nested, 111, 350,1695,9501,1695
231, 37, shfl_nested, 111, 350,1695,9501,1695
232, 37, shfl_nested, 111, 350,1695,9501,1695
233, 37, shfl_nested, 111, 350,1695,9501,1695
234, 37, shfl_nested, 111, 350,1695,9501,1695
235, 37, shfl_nested, 111, 350,1695,9501,1695
236, 37, shfl_nested, 111, 350,1695,9501,1695
237, 37, shfl_nested, 111, 350,1695,9501,1695
238, 37, shfl_nested, 111, 350,1695,9501,1695
239, 37, shfl_nested, 111, 350,1695,9501,1695
240, 37, shfl_nested, 111, 350,1695,9501,1695
241, 37, shfl_nested, 111, 350,1695,9501,1695
242, 37, shfl_nested, 111, 350,1695,9501,1695
243, 37, shfl_nested, 111, 350,1695,9501,1695
244, 37, shfl_nested, 111, 350,1695,9501,1695
245, 37, shfl_nested, 111, 350,1695,9501,1695
246, 37, shfl_nested, 111, 350,1695,9501,1695
247, 37, shfl_nested, 111, 350,1695,9501,1695
248, 37, shfl_nested, 111, 350,1695,9501,1695
249, 37, shfl_nested, 111, 350,1695,9501,1695
250, 37, shfl_nested, 111, 350,1695,9501,1695
251, 37, shfl_nested, 111, 350,1695,9501,1695
252, 37, shfl_nested, 111, 350,1695,9501,1695
253, 37, shfl_nested, 111, 350,1695,9501,1695
254, 37, shfl_nested, 111, 350,1695,9501,1695
255, 37, shfl_nested, 111, 350,1695,9501,1695
256, 37, shfl_nested, 111, 350,1695,9501,1695
257, 37, shfl_nested, 111, 350,1695,9501,1695
258, 37, shfl_nested, 111, 350,1695,9501,1695
259, 37, shfl_nested, 111, 350,1695,9501,1695
260, 37, shfl_nested, 111, 350,1695,9501,1695
261, 37, shfl_nested, 111, 350,1695,9501,1695
262, 37, shfl_nested, 111, 350,1695,9501,1695
263, 37, shfl_nested, 111, 350,1695,9501,1695
264, 37, shfl_nested, 111, 350,1695,9501,1695
265, 37, shfl_nested, 112, 350,1695,9501,1695
266, 37, shfl_nested, 112, 350,1695,9501,1695
267, 37, shfl_nested, 112, 350,1695,9501,1695
268, 37, shfl_nested, 112, 350,1695,9501,1695
269, 37, shfl_nested, 112, 350,1695,9501,1695
270, 37, shfl_nested, 112, 350,1695,9501,1695
271, 37, shfl_nested, 112, 350,1695,9501,1695
272, 37, shfl_nested, 112, 350,1695,9501,1695
273, 37, shfl_nested, 112, 350,1695,9501,1695
274, 37, shfl_nested, 112, 350,1695,9501,1695
275, 37, shfl_nested, 112, 350,1695,9501,1695
276, 37, shfl_nested, 112, 350,1695,9501,1695
277, 37, shfl_nested, 112, 350,1695,9501,1695
278, 37, shfl_nested, 112, 350,1695,9501,1695
279, 37, shfl_nested, 112, 350,1695,9501,1695
280, 37, shfl_nested, 112, 350,1695,9501,1695
281, 37, shfl_nested, 112, 350,1695,9501,1695
282, 37, shfl_nested, 112, 350,1695,9501,1695
283, 37, shfl_nested, 112, 350,1695,9501,1695
284, 37, shfl_nested, 112, 350,1695,9501,1695
285, 37, shfl_nested, 112, 350,1695,9501,1695
286, 37, shfl_nested, 112, 350,1695,9501,1695
287, 37, shfl_nested, 112, 350,1695,9501,1695
288, 37, shfl_nested, 112, 350,1695,9501,1695
289, 37, shfl_nested, 112, 350,1695,9501,1695
290, 37, shfl_nested, 112, 350,1695,9501,1695
291, 37, shfl_nested, 112, 350,1695,9501,1695
292, 37, shfl_nested, 112, 350,1695,9501,1695
293, 37, shfl_nested, 112, 350,1695,9501,1695
294, 37, shfl_nested, 112, 350,1695,9501,1695
295, 37, shfl_nested, 112, 350,1695,9501,1695
296, 37, shfl_nested, 112, 350,1695,9501,1695
297, 37, shfl_nested, 112, 350,1695,9501,1695
298, 37, shfl_nested, 112, 350,1695,9501,1695
299, 37, shfl_nested, 112, 350,1695,9501,1695
300, 37, shfl_nested, 113, 350,1695,9501,1695
301, 37, shfl_nested, 113, 350,1695,9501,1695
302, 37, shfl_nested, 113, 350,1695,9501,1695
303, 37, shfl_nested, 113, 350,1695,9501,1695
304, 37, shfl_nested, 113, 350,1695,9501,1695
305, 37, shfl_nested, 113, 350,1695,9501,1695
306, 37, shfl_nested, 113, 350,1695,9501,1695
307, 37, shfl_nested, 113, 350,1695,9501,1695
308, 37, shfl_nested, 113, 350,1695,9501,1695
309, 37, shfl_nested, 113, 350,1695,9501,1695
310, 37, shfl_nested, 113, 350,1695,9501,1695
311, 37, shfl_nested, 113, 350,1695,9501,1695
312, 37, shfl_nested, 113, 350,1695,9501,1695
313, 37, shfl_nested, 113, 350,1695,9501,1695
314, 37, shfl_nested, 113, 350,1695,9501,1695
315, 37, shfl_nested, 113, 350,1695,9501,1695
316, 37, shfl_nested, 113, 350,1695,9501,1695
317, 37, shfl_nested, 113, 350,1695,9501,1695
318, 37, shfl_nested, 113, 350,1695,9501,1695
319, 37, shfl_nested, 113, 350,1695,9501,1695
320, 37, shfl_nested, 113, 350,1695,9501,1695
321, 37, shfl_nested, 113, 350,1695,9501,1695
322, 37, shfl_nested, 113, 350,1695,9501,1695
323, 37, shfl_nested, 113, 350,1695,9501,1695
324, 37, shfl_nested, 113, 350,1695,9501,1695
325, 37, shfl_nested, 113, 350,1695,9501,1695
326, 37, shfl_nested, 113, 350,1695,9501,1695
327, 37, shfl_nested, 113, 350,1695,9501,1695
328, 37, shfl_nested, 113, 350,1695,9501,1695
329, 37, shfl_nested, 113, 350,1695,9501,1695
330, 37, shfl_nested, 113, 350,1695,9501,1695
331, 37, shfl_nested, 113, 350,1695,9501,1695
332, 37, shfl_nested, 113, 350,1695,9501,1695
333, 37, shfl_nested, 113, 350,1695,9501,1695
334, 37, shfl_nested, 113, 350,1695,9501,1695
335, 37, shfl_nested, 113, 350,1695,9501,1695
336, 37, shfl_nested, 113, 350,1695,9501,1695
337, 37, shfl_nested, 113, 350,1695,9501,1695
338, 37, shfl_nested, 113, 350,1695,9501,1695
339, 37, shfl_nested, 113, 350,1695,9501,1695
340, 37, shfl_nested, 113, 350,1695,9501,1695
341, 37, shfl_nested, 113, 350,1695,9501,1695
342, 37, shfl_nested, 113, 350,1695,9501,1695
343, 37, shfl_nested, 113, 350,1695,9501,1695
344, 37, shfl_nested, 113, 350,1695,9501,1695
345, 37, shfl_nested, 113, 350,1695,9501,1695
346, 37, shfl_nested, 113, 350,1695,9501,1695
347, 37, shfl_nested, 113, 350,1695,9501,1695
348, 37, shfl_nested, 113, 350,1695,9501,1695
349, 37, shfl_nested, 113, 350,1695,9501,1695
350, 37, shfl_nested, 113, 350,1695,9501,1695
351, 37, shfl_nested, 113, 350,1695,9501,1695
352, 37, shfl_nested, 113, 350,1695,9501,1695
353, 37, shfl_nested, 113, 350,1695,9501,1695
354, 37, shfl_nested, 113, 350,1695,9501,1695
355, 37, shfl_nested, 113, 350,1695,9501,1695
356, 37, shfl_nested, 113, 350,1695,9501,1695
357, 37, shfl_nested, 113, 350,1695,9501,1695
358, 37, shfl_nested, 113, 350,1695,9501,1695
359, 37, shfl_nested, 113, 350,1695,9501,1695
360, 37, shfl_nested, 113, 350,1695,9501,1695
361, 37, shfl_nested, 113, 350,1695,9501,1695
362, 37, shfl_nested, 113, 350,1695,9501,1695
363, 37, shfl_nested, 113, 350,1695,9501,1695
364, 37, shfl_nested, 113, 350,1695,9501,1695
365, 37, shfl_nested, 113, 350,1695,9501,1695
366, 37, shfl_nested, 113, 350,1695,9501,1695
367, 37, shfl_nested, 113, 350,1695,9501,1695
368, 37, shfl_nested, 113, 350,1695,9501,1695
369, 37, shfl_nested, 113, 350,1695,9501,1695
370, 37, shfl_nested, 113, 350,1695,9501,1695
371, 37, shfl_nested, 114, 350,1695,9501,1695
372, 37, shfl_nested, 114, 350,1695,9501,1695
373, 37, shfl_nested, 114, 350,1695,9501,1695
374, 37, shfl_nested, 114, 350,1695,9501,1695
375, 37, shfl_nested, 114, 350,1695,9501,1695
376, 37, shfl_nested, 114, 350,1695,9501,1695
377, 37, shfl_nested, 114, 350,1695,9501,1695
378, 37, shfl_nested, 114, 350,1695,9501,1695
379, 37, shfl_nested, 114, 350,1695,9501,1695
380, 37, shfl_nested, 114, 350,1695,9501,1695
381, 37, shfl_nested, 114, 350,1695,9501,1695
382, 37, shfl_nested, 114, 350,1695,9501,1695
383, 37, shfl_nested, 114, 350,1695,9501,1695
384, 37, shfl_nested, 114, 350,1695,9501,1695
385, 37, shfl_nested, 114, 350,1695,9501,1695
386, 37, shfl_nested, 114, 350,1695,9501,1695
387, 37, shfl_nested, 114, 350,1695,9501,1695
388, 37, shfl_nested, 114, 350,1695,9501,1695
389, 37, shfl_nested, 114, 350,1695,9501,1695
390, 37, shfl_nested, 114, 350,1695,9501,1695
391, 37, shfl_nested, 114, 350,1695,9501,1695
392, 37, shfl_nested, 114, 350,1695,9501,1695
393, 37, shfl_nested, 114, 350,1695,9501,1695
394, 37, shfl_nested, 114, 350,1695,9501,1695
395, 37, shfl_nested, 114, 350,1695,9501,1695
396, 37, shfl_nested, 114, 350,1695,9501,1695
397, 37, shfl_nested, 114, 350,1695,9501,1695
398, 37, shfl_nested, 114, 350,1695,9501,1695
399, 37, shfl_nested, 114, 350,1695,9501,1695
400, 37, shfl_nested, 114, 350,1695,9501,1695
401, 37, shfl_nested, 114, 350,1695,9501,1695
402, 37, shfl_nested, 114, 350,1695,9501,1695
403, 37, shfl_nested, 114, 350,1695,9501,1695
404, 37, shfl_nested, 114, 350,1695,9501,1695
405, 37, shfl_nested, 114, 350,1695,9501,1695
406, 37, shfl_nested, 114, 350,1695,9501,1695
407, 37, shfl_nested, 114, 350,1695,9501,1695
408, 37, shfl_nested, 114, 350,1695,9501,1695
409, 37, shfl_nested, 114, 350,1695,9501,1695
410, 37, shfl_nested, 114, 350,1695,9501,1695
411, 37, shfl_nested, 114, 350,1695,9501,1695
412, 37, shfl_nested, 114, 350,1695,9501,1695
413, 37, shfl_nested, 114, 350,1695,9501,1695
414, 37, shfl_nested, 114, 350,1695,9501,1695
415, 37, shfl_nested, 114, 350,1695,9501,1695
416, 37, shfl_nested, 114, 350,1695,9501,1695
417, 37, shfl_nested, 114, 350,1695,9501,1695
418, 37, shfl_nested, 114, 350,1695,9501,1695
419, 37, shfl_nested, 114, 350,1695,9501,1695
420, 37, shfl_nested, 114, 350,1695,9501,1695
421, 37, shfl_nested, 114, 350,1695,9501,1695
422, 37, shfl_nested, 114, 350,1695,9501,1695
423, 37, shfl_nested, 114, 350,1695,9501,1695
424, 37, shfl_nested, 114, 350,1695,9501,1695
425, 37, shfl_nested, 114, 350,1695,9501,1695
426, 37, shfl_nested, 114, 350,1695,9501,1695
427, 37, shfl_nested, 114, 350,1695,9501,1695
428, 37, shfl_nested, 114, 350,1695,9501,1695
429, 37, shfl_nested, 114, 350,1695,9501,1695
430, 37, shfl_nested, 114, 350,1695,9501,1695
431, 37, shfl_nested, 114, 350,1695,9501,1695
432, 37, shfl_nested, 114, 350,1695,9501,1695
433, 37, shfl_nested, 114, 350,1695,9501,1695
434, 37, shfl_nested, 114, 350,1695,9501,1695
435, 37, shfl_nested, 114, 350,1695,9501,1695
436, 37, shfl_nested, 114, 350,1695,9501,1695
437, 37, shfl_nested, 114, 350,1695,9501,1695
438, 37, shfl_nested, 114, 350,1695,9501,1695
439, 37, shfl_nested, 114, 350,1695,9501,1695
440, 37, shfl_nested, 114, 350,1695,9501,1695
441, 37, shfl_nested, 114, 350,1695,9501,1695
442, 37, shfl_nested, 114, 350,1695,9501,1695
443, 37, shfl_nested, 114, 350,1695,9501,1695
444, 37, shfl_nested, 114, 350,1695,9501,1695
445, 37, shfl_nested, 114, 350,1695,9501,1695
446, 37, shfl_nested, 114, 350,1695,9501,1695
447, 37, shfl_nested, 114, 350,1695,9501,1695
448, 37, shfl_nested, 114, 350,1695,9501,1695
449, 37, shfl_nested, 114, 350,1695,9501,1695
450, 37, shfl_nested, 114, 350,1695,9501,1695
451, 37, shfl_nested, 114, 350,1695,9501,1695
452, 37, shfl_nested, 114, 350,1695,9501,1695
453, 37, shfl_nested, 114, 350,1695,9501,1695
454, 37, shfl_nested, 114, 350,1695,9501,1695
455, 37, shfl_nested, 114, 350,1695,9501,1695
456, 37, shfl_nested, 114, 350,1695,9501,1695
457, 37, shfl_nested, 114, 350,1695,9501,1695
458, 37, shfl_nested, 114, 350,1695,9501,1695
459, 37, shfl_nested, 114, 350,1695,9501,1695
460, 37, shfl_nested, 114, 350,1695,9501,1695
461, 37, shfl_nested, 114, 350,1695,9501,1695
462, 37, shfl_nested, 114, 350,1695,9501,1695
463, 37, shfl_nested, 114, 350,1695,9501,1695
464, 37, shfl_nested, 114, 350,1695,9501,1695
465, 37, shfl_nested, 114, 350,1695,9501,1695
466, 37, shfl_nested, 114, 350,1695,9501,1695
467, 37, shfl_nested, 114, 350,1695,9501,1695
468, 37, shfl_nested, 114, 350,1695,9501,1695
469, 37, shfl_nested, 114, 350,1695,9501,1695
470, 37, shfl_nested, 114, 350,1695,9501,1695
471, 37, shfl_nested, 114, 350,1695,9501,1695
472, 37, shfl_nested, 114, 350,1695,9501,1695
473, 37, shfl_nested, 114, 350,1695,9501,1695
474, 37, shfl_nested, 114, 350,1695,9501,1695
475, 37, shfl_nested, 114, 350,1695,9501,1695
476, 37, shfl_nested, 114, 350,1695,9501,1695
477, 37, shfl_nested, 114, 350,1695,9501,1695
478, 37, shfl_nested, 114, 350,1695,9501,1695
479, 37, shfl_nested, 114, 350,1695,9501,1695
480, 37, shfl_nested, 114, 350,1695,9501,1695
481, 37, shfl_nested, 114, 350,1695,9501,1695
482, 37, shfl_nested, 114, 350,1695,9501,1695
483, 37, shfl_nested, 114, 350,1695,9501,1695
484, 37, shfl_nested, 114, 350,1695,9501,1695
485, 37, shfl_nested, 114, 350,1695,9501,1695
486, 37, shfl_nested, 114, 350,1695,9501,1695
487, 37, shfl_nested, 114, 350,1695,9501,1695
488, 37, shfl_nested, 114, 350,1695,9501,1695
489, 37, shfl_nested, 114, 350,1695,9501,1695
490, 37, shfl_nested, 114, 350,1695,9501,1695
491, 37, shfl_nested, 114, 350,1695,9501,1695
492, 37, shfl_nested, 114, 350,1695,9501,1695
493, 37, shfl_nested, 114, 350,1695,9501,1695
494, 37, shfl_nested, 114, 350,1695,9501,1695
495, 37, shfl_nested, 114, 350,1695,9501,1695
496, 37, shfl_nested, 114, 350,1695,9501,1695
497, 37, shfl_nested, 114, 350,1695,9501,1695
498, 37, shfl_nested, 114, 350,1695,9501,1695
499, 37, shfl_nested, 114, 350,1695,9501,1695
500, 37, shfl_nested, 114, 350,1695,9501,1695
501, 37, shfl_nested, 114, 350,1695,9501,1695
502, 37, shfl_nested, 114, 350,1695,9501,1695
503, 37, shfl_nested, 114, 350,1695,9501,1695
504, 37, shfl_nested, 114, 350,1695,9501,1695
505, 37, shfl_nested, 114, 350,1695,9501,1695
506, 37, shfl_nested, 114, 350,1695,9501,1695
507, 37, shfl_nested, 114, 350,1695,9501,1695
508, 37, shfl_nested, 114, 350,1695,9501,1695
509, 37, shfl_nested, 114, 350,1695,9501,1695
510, 37, shfl_nested, 114, 350,1695,9501,1695
511, 37, shfl_nested, 114, 350,1695,9501,1695
512, 37, shfl_nested, 114, 350,1695,9501,1695
513, 37, shfl_nested, 114, 350,1695,9501,1695
514, 37, shfl_nested, 114, 350,1695,9501,1695
515, 37, shfl_nested, 114, 350,1695,9501,1695
516, 37, shfl_nested, 114, 350,1695,9501,1695
517, 37, shfl_nested, 114, 350,1695,9501,1695
518, 37, shfl_nested, 114, 350,1695,9501,1695
519, 37, shfl_nested, 114, 350,1695,9501,1695
520, 37, shfl_nested, 114, 350,1695,9501,1695
521, 37, shfl_nested, 114, 350,1695,9501,1695
522, 37, shfl_nested, 114, 350,1695,9501,1695
523, 37, shfl_nested, 114, 350,1695,9501,1695
524, 37, shfl_nested, 114, 350,1695,9501,1695
525, 37, shfl_nested, 114, 350,1695,9501,1695
526, 37, shfl_nested, 114, 350,1695,9501,1695
527, 37, shfl_nested, 114, 350,1695,9501,1695
528, 37, shfl_nested, 114, 350,1695,9501,1695
529, 37, shfl_nested, 114, 350,1695,9501,1695
530, 37, shfl_nested, 114, 350,1695,9501,1695
531, 37, shfl_nested, 114, 350,1695,9501,1695
532, 37, shfl_nested, 114, 350,1695,9501,1695
533, 37, shfl_nested, 114, 350,1695,9501,1695
534, 37, shfl_nested, 114, 350,1695,9501,1695
535, 37, shfl_nested, 114, 350,1695,9501,1695
536, 37, shfl_nested, 114, 350,1695,9501,1695
537, 37, shfl_nested, 114, 350,1695,9501,1695
538, 37, shfl_nested, 114, 350,1695,9501,1695
539, 37, shfl_nested, 114, 350,1695,9501,1695
540, 37, shfl_nested, 114, 350,1695,9501,1695
541, 37, shfl_nested, 114, 350,1695,9501,1695
542, 37, shfl_nested, 114, 350,1695,9501,1695
543, 37, shfl_nested, 114, 350,1695,9501,1695
544, 37, shfl_nested, 114, 350,1695,9501,1695
545, 37, shfl_nested, 114, 350,1695,9501,1695
546, 37, shfl_nested, 114, 350,1695,9501,1695
547, 37, shfl_nested, 114, 350,1695,9501,1695
548, 37, shfl_nested, 114, 350,1695,9501,1695
549, 37, shfl_nested, 114, 350,1695,9501,1695
550, 37, shfl_nested, 114, 350,1695,9501,1695
551, 37, shfl_nested, 114, 350,1695,9501,1695
552, 37, shfl_nested, 114, 350,1695,9501,1695
553, 37, shfl_nested, 114, 350,1695,9501,1695
554, 37, shfl_nested, 114, 350,1695,9501,1695
555, 37, shfl_nested, 114, 350,1695,9501,1695
556, 37, shfl_nested, 114, 350,1695,9501,1695
557, 37, shfl_nested, 114, 350,1695,9501,1695
558, 37, shfl_nested, 114, 350,1695,9501,1695
559, 37, shfl_nested, 114, 350,1695,9501,1695
560, 37, shfl_nested, 114, 350,1695,9501,1695
561, 37, shfl_nested, 114, 350,1695,9501,1695
562, 37, shfl_nested, 114, 350,1695,9501,1695
563, 37, shfl_nested, 114, 350,1695,9501,1695
564, 37, shfl_nested, 114, 350,1695,9501,1695
565, 37, shfl_nested, 114, 350,1695,9501,1695
566, 37, shfl_nested, 114, 350,1695,9501,1695
567, 37, shfl_nested, 114, 350,1695,9501,1695
568, 37, shfl_nested, 114, 350,1695,9501,1695
569, 37, shfl_nested, 114, 350,1695,9501,1695
570, 37, shfl_nested, 114, 350,1695,9501,1695
571, 37, shfl_nested, 114, 350,1695,9501,1695
572, 37, shfl_nested, 114, 350,1695,9501,1695
573, 37, shfl_nested, 114, 350,1695,9501,1695
574, 37, shfl_nested, 114, 350,1695,9501,1695
575, 37, shfl_nested, 114, 350,1695,9501,1695
576, 37, shfl_nested, 114, 350,1695,9501,1695
577, 37, shfl_nested, 114, 350,1695,9501,1695
578, 37, shfl_nested, 114, 350,1695,9501,1695
579, 37, shfl_nested, 114, 350,1695,9501,1695
580, 37, shfl_nested, 114, 350,1695,9501,1695
581, 37, shfl_nested, 114, 350,1695,9501,1695
582, 37, shfl_nested, 114, 350,1695,9501,1695
583, 37, shfl_nested, 114, 350,1695,9501,1695
584, 37, shfl_nested, 114, 350,1695,9501,1695
585, 37, shfl_nested, 114, 350,1695,9501,1695
586, 37, shfl_nested, 114, 350,1695,9501,1695
587, 37, shfl_nested, 114, 350,1695,9501,1695
588, 37, shfl_nested, 114, 350,1695,9501,1695
589, 37, shfl_nested, 114, 350,1695,9501,1695
590, 37, shfl_nested, 114, 350,1695,9501,1695
591, 37, shfl_nested, 114, 350,1695,9501,1695
592, 37, shfl_nested, 114, 350,1695,9501,1695
593, 37, shfl_nested, 114, 350,1695,9501,1695
594, 37, shfl_nested, 114, 350,1695,9501,1695
595, 37, shfl_nested, 114, 350,1695,9501,1695
596, 37, shfl_nested, 114, 350,1695,9501,1695
597, 37, shfl_nested, 114, 350,1695,9501,1695
598, 37, shfl_nested, 114, 350,1695,9501,1695
599, 37, shfl_nested, 114, 350,1695,9501,1695
600, 37, shfl_nested, 114, 350,1695,9501,1695
601, 37, shfl_nested, 114, 350,1695,9501,1695
602, 37, shfl_nested, 114, 350,1695,9501,1695
603, 37, shfl_nested, 114, 350,1695,9501,1695
604, 37, shfl_nested, 114, 350,1695,9501,1695
605, 37, shfl_nested, 114, 350,1695,9501,1695
606, 37, shfl_nested, 114, 350,1695,9501,1695
607, 37, shfl_nested, 114, 350,1695,9501,1695
608, 37, shfl_nested, 114, 350,1695,9501,1695
609, 37, shfl_nested, 114, 350,1695,9501,1695
610, 37, shfl_nested, 114, 350,1695,9501,1695
611, 37, shfl_nested, 114, 350,1695,9501,1695
612, 37, shfl_nested, 114, 350,1695,9501,1695
613, 37, shfl_nested, 114, 350,1695,9501,1695
614, 37, shfl_nested, 114, 350,1695,9501,1695
615, 37, shfl_nested, 114, 350,1695,9501,1695
616, 37, shfl_nested, 114, 350,1695,9501,1695
617, 37, shfl_nested, 114, 350,1695,9501,1695
618, 37, shfl_nested, 114, 350,1695,9501,1695
619, 37, shfl_nested, 114, 350,1695,9501,1695
620, 37, shfl_nested, 114, 350,1695,9501,1695
621, 37, shfl_nested, 114, 350,1695,9501,1695
622, 37, shfl_nested, 114, 350,1695,9501,1695
623, 37, shfl_nested, 114, 350,1695,9501,1695
624, 37, shfl_nested, 114, 350,1695,9501,1695
625, 37, shfl_nested, 114, 350,1695,9501,1695
626, 37, shfl_nested, 114, 350,1695,9501,1695
627, 37, shfl_nested, 114, 350,1695,9501,1695
628, 37, shfl_nested, 114, 350,1695,9501,1695
629, 37, shfl_nested, 114, 350,1695,9501,1695
630, 37, shfl_nested, 114, 350,1695,9501,1695
631, 37, shfl_nested, 114, 350,1695,9501,1695
632, 37, shfl_nested, 114, 350,1695,9501,1695
633, 37, shfl_nested, 114, 350,1695,9501,1695
634, 37, shfl_nested, 114, 350,1695,9501,1695
635, 37, shfl_nested, 114, 350,1695,9501,1695
636, 37, shfl_nested, 114, 350,1695,9501,1695
637, 37, shfl_nested, 114, 350,1695,9501,1695
638, 37, shfl_nested, 114, 350,1695,9501,1695
639, 37, shfl_nested, 114, 350,1695,9501,1695
640, 37, shfl_nested, 114, 350,1695,9501,1695
641, 37, shfl_nested, 114, 350,1695,9501,1695
642, 37, shfl_nested, 114, 350,1695,9501,1695
643, 37, shfl_nested, 114, 350,1695,9501,1695
644, 37, shfl_nested, 114, 350,1695,9501,1695
645, 37, shfl_nested, 114, 350,1695,9501,1695
646, 37, shfl_nested, 114, 350,1695,9501,1695
647, 37, shfl_nested, 114, 350,1695,9501,1695
648, 37, shfl_nested, 114, 350,1695,9501,1695
649, 37, shfl_nested, 114, 350,1695,9501,1695
650, 37, shfl_nested, 114, 350,1695,9501,1695
651, 37, shfl_nested, 114, 350,1695,9501,1695
652, 37, shfl_nested, 114, 350,1695,9501,1695
653, 37, shfl_nested, 114, 350,1695,9501,1695
654, 37, shfl_nested, 114, 350,1695,9501,1695
655, 37, shfl_nested, 114, 350,1695,9501,1695
656, 37, shfl_nested, 114, 350,1695,9501,1695
657, 37, shfl_nested, 114, 350,1695,9501,1695
658, 37, shfl_nested, 114, 350,1695,9501,1695
659, 37, shfl_nested, 114, 350,1695,9501,1695
660, 37, shfl_nested, 114, 350,1695,9501,1695
661, 37, shfl_nested, 114, 350,1695,9501,1695
662, 37, shfl_nested, 114, 350,1695,9501,1695
663, 37, shfl_nested, 114, 350,1695,9501,1695
664, 37, shfl_nested, 114, 350,1695,9501,1695
665, 37, shfl_nested, 114, 350,1695,9501,1695
666, 37, shfl_nested, 114, 350,1695,9501,1695
667, 37, shfl_nested, 114, 350,1695,9501,1695
668, 37, shfl_nested, 114, 350,1695,9501,1695
669, 37, shfl_nested, 114, 350,1695,9501,1695
670, 37, shfl_nested, 114, 350,1695,9501,1695
671, 37, shfl_nested, 114, 350,1695,9501,1695
672, 37, shfl_nested, 114, 350,1695,9501,1695
673, 37, shfl_nested, 114, 350,1695,9501,1695
674, 37, shfl_nested, 114, 350,1695,9501,1695
675, 37, shfl_nested, 114, 350,1695,9501,1695
676, 37, shfl_nested, 114, 350,1695,9501,1695
677, 37, shfl_nested, 114, 350,1695,9501,1695
678, 37, shfl_nested, 114, 350,1695,9501,1695
679, 37, shfl_nested, 114, 350,1695,9501,1695
680, 37, shfl_nested, 114, 350,1695,9501,1695
681, 37, shfl_nested, 114, 350,1695,9501,1695
682, 37, shfl_nested, 114, 350,1695,9501,1695
683, 37, shfl_nested, 114, 350,1695,9501,1695
684, 37, shfl_nested, 114, 350,1695,9501,1695
685, 37, shfl_nested, 114, 350,1695,9501,1695
686, 37, shfl_nested, 114, 350,1695,9501,1695
687, 37, shfl_nested, 114, 350,1695,9501,1695
688, 37, shfl_nested, 114, 350,1695,9501,1695
689, 37, shfl_nested, 114, 350,1695,9501,1695
690, 37, shfl_nested, 114, 350,1695,9501,1695
691, 37, shfl_nested, 114, 350,1695,9501,1695
692, 37, shfl_nested, 114, 350,1695,9501,1695
693, 37, shfl_nested, 114, 350,1695,9501,1695
694, 37, shfl_nested, 114, 350,1695,9501,1695
695, 37, shfl_nested, 114, 350,1695,9501,1695
696, 37, shfl_nested, 114, 350,1695,9501,1695
697, 37, shfl_nested, 114, 350,1695,9501,1695
698, 37, shfl_nested, 114, 350,1695,9501,1695
699, 37, shfl_nested, 114, 350,1695,9501,1695
700, 37, shfl_nested, 114, 350,1695,9501,1695
701, 37, shfl_nested, 114, 350,1695,9501,1695
702, 37, shfl_nested, 114, 350,1695,9501,1695
703, 37, shfl_nested, 114, 350,1695,9501,1695
704, 37, shfl_nested, 114, 350,1695,9501,1695
705, 37, shfl_nested, 114, 350,1695,9501,1695
706, 37, shfl_nested, 114, 350,1695,9501,1695
707, 37, shfl_nested, 114, 350,1695,9501,1695
708, 37, shfl_nested, 114, 350,1695,9501,1695
709, 37, shfl_nested, 114, 350,1695,9501,1695
710, 37, shfl_nested, 114, 350,1695,9501,1695
711, 37, shfl_nested, 114, 350,1695,9501,1695
712, 37, shfl_nested, 114, 350,1695,9501,1695
713, 37, shfl_nested, 114, 350,1695,9501,1695
714, 37, shfl_nested, 114, 350,1695,9501,1695
715, 37, shfl_nested, 114, 350,1695,9501,1695
716, 37, shfl_nested, 114, 350,1695,9501,1695
717, 37, shfl_nested, 114, 350,1695,9501,1695
718, 37, shfl_nested, 114, 350,1695,9501,1695
719, 37, shfl_nested, 114, 350,1695,9501,1695
720, 37, shfl_nested, 114, 350,1695,9501,1695
721, 37, shfl_nested, 114, 350,1695,9501,1695
722, 37, shfl_nested, 114, 350,1695,9501,1695
723, 37, shfl_nested, 114, 350,1695,9501,1695
724, 37, shfl_nested, 114, 350,1695,9501,1695
725, 37, shfl_nested, 114, 350,1695,9501,1695
726, 37, shfl_nested, 114, 350,1695,9501,1695
727, 37, shfl_nested, 114, 350,1695,9501,1695
728, 37, shfl_nested, 114, 350,1695,9501,1695
729, 37, shfl_nested, 114, 350,1695,9501,1695
730, 37, shfl_nested, 114, 350,1695,9501,1695
731, 37, shfl_nested, 114, 350,1695,9501,1695
732, 37, shfl_nested, 114, 350,1695,9501,1695
733, 37, shfl_nested, 114, 350,1695,9501,1695
734, 37, shfl_nested, 114, 350,1695,9501,1695
735, 37, shfl_nested, 114, 350,1695,9501,1695
736, 37, shfl_nested, 114, 350,1695,9501,1695
737, 37, shfl_nested, 114, 350,1695,9501,1695
738, 37, shfl_nested, 114, 350,1695,9501,1695
739, 37, shfl_nested, 114, 350,1695,9501,1695
740, 37, shfl_nested, 114, 350,1695,9501,1695
741, 37, shfl_nested, 114, 350,1695,9501,1695
742, 37, shfl_nested, 114, 350,1695,9501,1695
743, 37, shfl_nested, 114, 350,1695,9501,1695
744, 37, shfl_nested, 114, 350,1695,9501,1695
745, 37, shfl_nested, 114, 350,1695,9501,1695
746, 37, shfl_nested, 114, 350,1695,9501,1695
747, 37, shfl_nested, 114, 350,1695,9501,1695
748, 37, shfl_nested, 114, 350,1695,9501,1695
749, 37, shfl_nested, 114, 350,1695,9501,1695
750, 37, shfl_nested, 114, 350,1695,9501,1695
751, 37, shfl_nested, 114, 350,1695,9501,1695
752, 37, shfl_nested, 114, 350,1695,9501,1695
753, 37, shfl_nested, 114, 350,1695,9501,1695
754, 37, shfl_nested, 114, 350,1695,9501,1695
755, 37, shfl_nested, 114, 350,1695,9501,1695
756, 37, shfl_nested, 114, 350,1695,9501,1695
757, 37, shfl_nested, 114, 350,1695,9501,1695
758, 37, shfl_nested, 114, 350,1695,9501,1695
759, 37, shfl_nested, 114, 350,1695,9501,1695
760, 37, shfl_nested, 114, 350,1695,9501,1695
761, 37, shfl_nested, 114, 350,1695,9501,1695
762, 37, shfl_nested, 114, 350,1695,9501,1695
763, 37, shfl_nested, 114, 350,1695,9501,1695
764, 37, shfl_nested, 114, 350,1695,9501,1695
765, 37, shfl_nested, 114, 350,1695,9501,1695
766, 37, shfl_nested, 114, 350,1695,9501,1695
767, 37, shfl_nested, 114, 350,1695,9501,1695
768, 37, shfl_nested, 114, 350,1695,9501,1695
769, 37, shfl_nested, 114, 350,1695,9501,1695
770, 37, shfl_nested, 114, 350,1695,9501,1695
771, 37, shfl_nested, 114, 350,1695,9501,1695
772, 37, shfl_nested, 114, 350,1695,9501,1695
773, 37, shfl_nested, 114, 350,1695,9501,1695
774, 37, shfl_nested, 114, 350,1695,9501,1695
775, 37, shfl_nested, 114, 350,1695,9501,1695
776, 37, shfl_nested, 114, 350,1695,9501,1695
777, 37, shfl_nested, 114, 350,1695,9501,1695
778, 37, shfl_nested, 114, 350,1695,9501,1695
779, 37, shfl_nested, 114, 350,1695,9501,1695
780, 37, shfl_nested, 114, 350,1695,9501,1695
781, 37, shfl_nested, 114, 350,1695,9501,1695
782, 37, shfl_nested, 114, 350,1695,9501,1695
783, 37, shfl_nested, 114, 350,1695,9501,1695
784, 37, shfl_nested, 114, 350,1695,9501,1695
785, 37, shfl_nested, 114, 350,1695,9501,1695
786, 37, shfl_nested, 114, 350,1695,9501,1695
787, 37, shfl_nested, 114, 350,1695,9501,1695
788, 37, shfl_nested, 114, 350,1695,9501,1695
789, 37, shfl_nested, 114, 350,1695,9501,1695
790, 37, shfl_nested, 114, 350,1695,9501,1695
791, 37, shfl_nested, 114, 350,1695,9501,1695
792, 37, shfl_nested, 114, 350,1695,9501,1695
793, 37, shfl_nested, 114, 350,1695,9501,1695
794, 37, shfl_nested, 114, 350,1695,9501,1695
795, 37, shfl_nested, 114, 350,1695,9501,1695
796, 37, shfl_nested, 114, 350,1695,9501,1695
797, 37, shfl_nested, 114, 350,1695,9501,1695
798, 37, shfl_nested, 114, 350,1695,9501,1695
799, 37, shfl_nested, 114, 350,1695,9501,1695
800, 37, shfl_nested, 114, 350,1695,9501,1695
801, 37, shfl_nested, 114, 350,1695,9501,1695
802, 37, shfl_nested, 114, 350,1695,9501,1695
803, 37, shfl_nested, 114, 350,1695,9501,1695
804, 37, shfl_nested, 114, 350,1695,9501,1695
805, 37, shfl_nested, 114, 350,1695,9501,1695
806, 37, shfl_nested, 114, 350,1695,9501,1695
807, 37, shfl_nested, 114, 350,1695,9501,1695
808, 37, shfl_nested, 114, 350,1695,9501,1695
809, 37, shfl_nested, 114, 350,1695,9501,1695
810, 37, shfl_nested, 114, 350,1695,9501,1695
811, 37, shfl_nested, 114, 350,1695,9501,1695
812, 37, shfl_nested, 114, 350,1695,9501,1695
813, 37, shfl_nested, 114, 350,1695,9501,1695
814, 37, shfl_nested, 114, 350,1695,9501,1695
815, 37, shfl_nested, 114, 350,1695,9501,1695
816, 37, shfl_nested, 114, 350,1695,9501,1695
817, 37, shfl_nested, 114, 350,1695,9501,1695
818, 37, shfl_nested, 114, 350,1695,9501,1695
819, 37, shfl_nested, 114, 350,1695,9501,1695
820, 37, shfl_nested, 114, 350,1695,9501,1695
821, 37, shfl_nested, 114, 350,1695,9501,1695
822, 37, shfl_nested, 114, 350,1695,9501,1695
823, 37, shfl_nested, 114, 350,1695,9501,1695
824, 37, shfl_nested, 114, 350,1695,9501,1695
825, 37, shfl_nested, 114, 350,1695,9501,1695
826, 37, shfl_nested, 114, 350,1695,9501,1695
827, 37, shfl_nested, 114, 350,1695,9501,1695
828, 37, shfl_nested, 114, 350,1695,9501,1695
829, 37, shfl_nested, 114, 350,1695,9501,1695
830, 37, shfl_nested, 114, 350,1695,9501,1695
831, 37, shfl_nested, 114, 350,1695,9501,1695
832, 37, shfl_nested, 114, 350,1695,9501,1695
833, 37, shfl_nested, 114, 350,1695,9501,1695
834, 37, shfl_nested, 114, 350,1695,9501,1695
835, 37, shfl_nested, 114, 350,1695,9501,1695
836, 37, shfl_nested, 114, 350,1695,9501,1695
837, 37, shfl_nested, 114, 350,1695,9501,1695
838, 37, shfl_nested, 114, 350,1695,9501,1695
839, 37, shfl_nested, 114, 350,1695,9501,1695
840, 37, shfl_nested, 114, 350,1695,9501,1695
841, 37, shfl_nested, 114, 350,1695,9501,1695
842, 37, shfl_nested, 114, 350,1695,9501,1695
843, 37, shfl_nested, 114, 350,1695,9501,1695
844, 37, shfl_nested, 114, 350,1695,9501,1695
845, 37, shfl_nested, 114, 350,1695,9501,1695
846, 37, shfl_nested, 114, 350,1695,9501,1695
847, 37, shfl_nested, 114, 350,1695,9501,1695
848, 37, shfl_nested, 114, 350,1695,9501,1695
849, 37, shfl_nested, 114, 350,1695,9501,1695
850, 37, shfl_nested, 114, 350,1695,9501,1695
851, 37, shfl_nested, 114, 350,1695,9501,1695
852, 37, shfl_nested, 114, 350,1695,9501,1695
853, 37, shfl_nested, 114, 350,1695,9501,1695
854, 37, shfl_nested, 114, 350,1695,9501,1695
855, 37, shfl_nested, 114, 350,1695,9501,1695
856, 37, shfl_nested, 114, 350,1695,9501,1695
857, 37, shfl_nested, 114, 350,1695,9501,1695
858, 37, shfl_nested, 114, 350,1695,9501,1695
859, 37, shfl_nested, 114, 350,1695,9501,1695
860, 37, shfl_nested, 114, 350,1695,9501,1695
861, 37, shfl_nested, 114, 350,1695,9501,1695
862, 37, shfl_nested, 114, 350,1695,9501,1695
863, 37, shfl_nested, 114, 350,1695,9501,1695
864, 37, shfl_nested, 114, 350,1695,9501,1695
865, 37, shfl_nested, 114, 350,1695,9501,1695
866, 37, shfl_nested, 114, 350,1695,9501,1695
867, 37, shfl_nested, 114, 350,1695,9501,1695
868, 37, shfl_nested, 114, 350,1695,9501,1695
869, 37, shfl_nested, 114, 350,1695,9501,1695
870, 37, shfl_nested, 114, 350,1695,9501,1695
871, 37, shfl_nested, 114, 350,1695,9501,1695
872, 37, shfl_nested, 114, 350,1695,9501,1695
873, 37, shfl_nested, 114, 350,1695,9501,1695
874, 37, shfl_nested, 114, 350,1695,9501,1695
875, 37, shfl_nested, 114, 350,1695,9501,1695
876, 37, shfl_nested, 114, 350,1695,9501,1695
877, 37, shfl_nested, 114, 350,1695,9501,1695
878, 37, shfl_nested, 114, 350,1695,9501,1695
879, 37, shfl_nested, 114, 350,1695,9501,1695
880, 37, shfl_nested, 114, 350,1695,9501,1695
881, 37, shfl_nested, 114, 350,1695,9501,1695
882, 37, shfl_nested, 114, 350,1695,9501,1695
883, 37, shfl_nested, 114, 350,1695,9501,1695
884, 37, shfl_nested, 114, 350,1695,9501,1695
885, 37, shfl_nested, 114, 350,1695,9501,1695
886, 37, shfl_nested, 114, 350,1695,9501,1695
887, 37, shfl_nested, 114, 350,1695,9501,1695
888, 37, shfl_nested, 114, 350,1695,9501,1695
889, 37, shfl_nested, 114, 350,1695,9501,1695
890, 37, shfl_nested, 114, 350,1695,9501,1695
891, 37, shfl_nested, 114, 350,1695,9501,1695
892, 37, shfl_nested, 114, 350,1695,9501,1695
893, 37, shfl_nested, 114, 350,1695,9501,1695
894, 37, shfl_nested, 114, 350,1695,9501,1695
895, 37, shfl_nested, 114, 350,1695,9501,1695
896, 37, shfl_nested, 114, 350,1695,9501,1695
897, 37, shfl_nested, 114, 350,1695,9501,1695
898, 37, shfl_nested, 114, 350,1695,9501,1695
899, 37, shfl_nested, 114, 350,1695,9501,1695
900, 37, shfl_nested, 114, 350,1695,9501,1695
901, 37, shfl_nested, 114, 350,1695,9501,1695
902, 37, shfl_nested, 114, 350,1695,9501,1695
903, 37, shfl_nested, 114, 350,1695,9501,1695
904, 37, shfl_nested, 114, 350,1695,9501,1695
905, 37, shfl_nested, 114, 350,1695,9501,1695
906, 37, shfl_nested, 114, 350,1695,9501,1695
907, 37, shfl_nested, 114, 350,1695,9501,1695
908, 37, shfl_nested, 114, 350,1695,9501,1695
909, 37, shfl_nested, 114, 350,1695,9501,1695
910, 37, shfl_nested, 114, 350,1695,9501,1695
911, 37, shfl_nested, 114, 350,1695,9501,1695
912, 37, shfl_nested, 114, 350,1695,9501,1695
913, 37, shfl_nested, 114, 350,1695,9501,1695
914, 37, shfl_nested, 114, 350,1695,9501,1695
915, 37, shfl_nested, 114, 350,1695,9501,1695
916, 37, shfl_nested, 114, 350,1695,9501,1695
917, 37, shfl_nested, 114, 350,1695,9501,1695
918, 37, shfl_nested, 114, 350,1695,9501,1695
919, 37, shfl_nested, 114, 350,1695,9501,1695
920, 37, shfl_nested, 114, 350,1695,9501,1695
921, 37, shfl_nested, 114, 350,1695,9501,1695
922, 37, shfl_nested, 114, 350,1695,9501,1695
923, 37, shfl_nested, 114, 350,1695,9501,1695
924, 37, shfl_nested, 114, 350,1695,9501,1695
925, 37, shfl_nested, 114, 350,1695,9501,1695
926, 37, shfl_nested, 114, 350,1695,9501,1695
927, 37, shfl_nested, 114, 350,1695,9501,1695
928, 37, shfl_nested, 114, 350,1695,9501,1695
929, 37, shfl_nested, 114, 350,1695,9501,1695
930, 37, shfl_nested, 114, 350,1695,9501,1695
931, 37, shfl_nested, 114, 350,1695,9501,1695
932, 37, shfl_nested, 114, 350,1695,9501,1695
933, 37, shfl_nested, 114, 350,1695,9501,1695
934, 37, shfl_nested, 114, 350,1695,9501,1695
935, 37, shfl_nested, 114, 350,1695,9501,1695
936, 37, shfl_nested, 114, 350,1695,9501,1695
937, 37, shfl_nested, 114, 350,1695,9501,1695
938, 37, shfl_nested, 114, 350,1695,9501,1695
939, 37, shfl_nested, 114, 350,1695,9501,1695
940, 37, shfl_nested, 114, 350,1695,9501,1695
941, 37, shfl_nested, 114, 350,1695,9501,1695
942, 37, shfl_nested, 114, 350,1695,9501,1695
943, 37, shfl_nested, 114, 350,1695,9501,1695
944, 37, shfl_nested, 114, 350,1695,9501,1695
945, 37, shfl_nested, 114, 350,1695,9501,1695
946, 37, shfl_nested, 114, 350,1695,9501,1695
947, 37, shfl_nested, 114, 350,1695,9501,1695
948, 37, shfl_nested, 114, 350,1695,9501,1695
949, 37, shfl_nested, 114, 350,1695,9501,1695
950, 37, shfl_nested, 114, 350,1695,9501,1695
951, 37, shfl_nested, 114, 350,1695,9501,1695
952, 37, shfl_nested, 114, 350,1695,9501,1695
953, 37, shfl_nested, 114, 350,1695,9501,1695
954, 37, shfl_nested, 114, 350,1695,9501,1695
955, 37, shfl_nested, 114, 350,1695,9501,1695
956, 37, shfl_nested, 114, 350,1695,9501,1695
957, 37, shfl_nested, 114, 350,1695,9501,1695
958, 37, shfl_nested, 114, 350,1695,9501,1695
959, 37, shfl_nested, 114, 350,1695,9501,1695
960, 37, shfl_nested, 114, 350,1695,9501,1695
961, 37, shfl_nested, 114, 350,1695,9501,1695
962, 37, shfl_nested, 114, 350,1695,9501,1695
963, 37, shfl_nested, 114, 350,1695,9501,1695
964, 37, shfl_nested, 114, 350,1695,9501,1695
965, 37, shfl_nested, 114, 350,1695,9501,1695
966, 37, shfl_nested, 114, 350,1695,9501,1695
967, 37, shfl_nested, 114, 350,1695,9501,1695
968, 37, shfl_nested, 114, 350,1695,9501,1695
969, 37, shfl_nested, 114, 350,1695,9501,1695
970, 37, shfl_nested, 114, 350,1695,9501,1695
971, 37, shfl_nested, 114, 350,1695,9501,1695
972, 37, shfl_nested, 114, 350,1695,9501,1695
973, 38, shfl_nested, 114, 350,1695,9501,1695
974, 38, shfl_nested, 114, 350,1695,9501,1695
975, 38, shfl_nested, 114, 350,1695,9501,1695
976, 38, shfl_nested, 114, 350,1695,9501,1695
977, 38, shfl_nested, 114, 350,1695,9501,1695
978, 38, shfl_nested, 114, 350,1695,9501,1695
979, 38, shfl_nested, 114, 350,1695,9501,1695
980, 38, shfl_nested, 114, 350,1695,9501,1695
981, 38, shfl_nested, 114, 350,1695,9501,1695
982, 38, shfl_nested, 114, 350,1695,9501,1695
983, 37, shfl_nested, 114, 350,1695,9501,1695
984, 37, shfl_nested, 114, 350,1695,9501,1695
985, 37, shfl_nested, 114, 350,1695,9501,1695
986, 37, shfl_nested, 114, 350,1695,9501,1695
987, 37, shfl_nested, 114, 350,1695,9501,1695
988, 37, shfl_nested, 114, 350,1695,9501,1695
989, 37, shfl_nested, 114, 350,1695,9501,1695
990, 37, shfl_nested, 114, 350,1695,9501,1695
991, 37, shfl_nested, 114, 350,1695,9501,1695
992, 37, shfl_nested, 114, 350,1695,9501,1695
993, 38, shfl_nested, 114, 350,1695,9501,1695
994, 38, shfl_nested, 114, 350,1695,9501,1695
995, 38, shfl_nested, 114, 350,1695,9501,1695
996, 38, shfl_nested, 114, 350,1695,9501,1695
997, 38, shfl_nested, 114, 350,1695,9501,1695
998, 38, shfl_nested, 114, 350,1695,9501,1695
999, 38, shfl_nested, 114, 350,1695,9501,1695
1000, 38, shfl_nested, 114, 350,1695,9501,1695
1001, 38, shfl_nested, 114, 350,1695,9501,1695
1002, 37, shfl_nested, 114, 350,1695,9501,1695
1003, 37, shfl_nested, 114, 350,1695,9501,1695
1004, 37, shfl_nested, 114, 350,1695,9501,1695
1005, 37, shfl_nested, 114, 350,1695,9501,1695
1006, 37, shfl_nested, 114, 350,1695,9501,1695
1007, 37, shfl_nested, 114, 350,1695,9501,1695
1008, 37, shfl_nested, 114, 350,1695,9501,1695
1009, 37, shfl_nested, 114, 350,1695,9501,1695
1010, 37, shfl_nested, 114, 350,1695,9501,1695
1011, 37, shfl_nested, 114, 350,1695,9501,1695
1012, 37, shfl_nested, 114, 350,1695,9501,1695
1013, 37, shfl_nested, 114, 350,1695,9501,1695
1014, 37, shfl_nested, 114, 350,1695,9501,1695
1015, 37, shfl_nested, 114, 350,1695,9501,1695
1016, 37, shfl_nested, 114, 350,1695,9501,1695
1017, 37, shfl_nested, 114, 350,1695,9501,1695
1018, 37, shfl_nested, 114, 350,1695,9501,1695
1019, 37, shfl_nested, 114, 350,1695,9501,1695
1020, 37, shfl_nested, 114, 350,1695,9501,1695
1021, 37, shfl_nested, 114, 350,1695,9501,1695
1022, 37, shfl_nested, 114, 350,1695,9501,1695
1023, 37, shfl_nested, 114, 350,1695,9501,1695
1024, 37, shfl_nested, 114, 350,1695,9501,1695
1025, 37, shfl_nested, 114, 350,1695,9501,1695
1026, 37, shfl_nested, 114, 350,1695,9501,1695
1027, 37, shfl_nested, 114, 350,1695,9501,1695
1028, 37, shfl_nested, 114, 350,1695,9501,1695
1029, 37, shfl_nested, 114, 350,1695,9501,1695
1030, 37, shfl_nested, 114, 350,1695,9501,1695
1031, 37, shfl_nested, 114, 350,1695,9501,1695
1032, 37, shfl_nested, 114, 350,1695,9501,1695
1033, 37, shfl_nested, 114, 350,1695,9501,1695
1034, 37, shfl_nested, 114, 350,1695,9501,1695
1035, 37, shfl_nested, 114, 350,1695,9501,1695
1036, 37, shfl_nested, 114, 350,1695,9501,1695
1037, 37, shfl_nested, 114, 350,1695,9501,1695
1038, 37, shfl_nested, 114, 350,1695,9501,1695
1039, 37, shfl_nested, 114, 350,1695,9501,1695
1040, 38, shfl_nested, 114, 350,1695,9501,1695
1041, 38, shfl_nested, 114, 350,1695,9501,1695
1042, 38, shfl_nested, 114, 350,1695,9501,1695
1043, 38, shfl_nested, 114, 350,1695,9501,1695
1044, 38, shfl_nested, 114, 350,1695,9501,1695
1045, 38, shfl_nested, 114, 350,1695,9501,1695
1046, 38, shfl_nested, 114, 350,1695,9501,1695
1047, 38, shfl_nested, 114, 350,1695,9501,1695
1048, 38, shfl_nested, 114, 350,1695,9501,1695
1049, 38, shfl_nested, 114, 350,1695,9501,1695
1050, 38, shfl_nested, 114, 350,1695,9501,1695
1051, 38, shfl_nested, 114, 350,1695,9501,1695
1052, 38, shfl_nested, 114, 350,1695,9501,1695
1053, 38, shfl_nested, 114, 350,1695,9501,1695
1054, 38, shfl_nested, 114, 350,1695,9501,1695
1055, 38, shfl_nested, 114, 350,1695,9501,1695
1056, 38, shfl_nested, 114, 350,1695,9501,1695
1057, 38, shfl_nested, 114, 350,1695,9501,1695
1058, 38, shfl_nested, 114, 350,1695,9501,1695
1059, 37, shfl_nested, 114, 350,1695,9501,1695
1060, 37, shfl_nested, 114, 350,1695,9501,1695
1061, 37, shfl_nested, 114, 350,1695,9501,1695
1062, 37, shfl_nested, 114, 350,1695,9501,1695
1063, 37, shfl_nested, 114, 350,1695,9501,1695
1064, 37, shfl_nested, 114, 350,1695,9501,1695
1065, 37, shfl_nested, 114, 350,1695,9501,1695
1066, 37, shfl_nested, 114, 350,1695,9501,1695
1067, 37, shfl_nested, 114, 350,1695,9501,1695
1068, 37, shfl_nested, 114, 350,1695,9501,1695
1069, 37, shfl_nested, 114, 350,1695,9501,1695
1070, 37, shfl_nested, 114, 350,1695,9501,1695
1071, 37, shfl_nested, 114, 350,1695,9501,1695
1072, 37, shfl_nested, 114, 350,1695,9501,1695
1073, 37, shfl_nested, 114, 350,1695,9501,1695
1074, 37, shfl_nested, 114, 350,1695,9501,1695
1075, 37, shfl_nested, 114, 350,1695,9501,1695
1076, 37, shfl_nested, 114, 350,1695,9501,1695
1077, 37, shfl_nested, 114, 350,1695,9501,1695
1078, 37, shfl_nested, 114, 350,1695,9501,1695
1079, 37, shfl_nested, 114, 350,1695,9501,1695
1080, 37, shfl_nested, 114, 350,1695,9501,1695
1081, 37, shfl_nested, 114, 350,1695,9501,1695
1082, 37, shfl_nested, 114, 350,1695,9501,1695
1083, 37, shfl_nested, 114, 350,1695,9501,1695
1084, 37, shfl_nested, 114, 350,1695,9501,1695
1085, 37, shfl_nested, 114, 350,1695,9501,1695
1086, 37, shfl_nested, 114, 350,1695,9501,1695
1087, 37, shfl_nested, 114, 350,1695,9501,1695
1088, 37, shfl_nested, 114, 350,1695,9501,1695
1089, 38, shfl_nested, 114, 350,1695,9501,1695
1090, 38, shfl_nested, 114, 350,1695,9501,1695
1091, 38, shfl_nested, 114, 350,1695,9501,1695
1092, 38, shfl_nested, 114, 350,1695,9501,1695
1093, 38, shfl_nested, 114, 350,1695,9501,1695
1094, 38, shfl_nested, 114, 350,1695,9501,1695
1095, 38, shfl_nested, 114, 350,1695,9501,1695
1096, 38, shfl_nested, 114, 350,1695,9501,1695
1097, 38, shfl_nested, 114, 350,1695,9501,1695
1098, 38, shfl_nested, 114, 350,1695,9501,1695
1099, 38, shfl_nested, 114, 350,1695,9501,1695
1100, 38, shfl_nested, 114, 350,1695,9501,1695
1101, 38, shfl_nested, 114, 350,1695,9501,1695
1102, 38, shfl_nested, 114, 350,1695,9501,1695
1103, 38, shfl_nested, 114, 350,1695,9501,1695
1104, 38, shfl_nested, 114, 350,1695,9501,1695
1105, 38, shfl_nested, 114, 350,1695,9501,1695
1106, 38, shfl_nested, 114, 350,1695,9501,1695
1107, 38, shfl_nested, 114, 350,1695,9501,1695
1108, 38, shfl_nested, 114, 350,1695,9501,1695
1109, 38, shfl_nested, 114, 350,1695,9501,1695
1110, 38, shfl_nested, 114, 350,1695,9501,1695
1111, 38, shfl_nested, 114, 350,1695,9501,1695
1112, 38, shfl_nested, 114, 350,1695,9501,1695
1113, 38, shfl_nested, 114, 350,1695,9501,1695
1114, 38, shfl_nested, 114, 350,1695,9501,1695
1115, 38, shfl_nested, 114, 350,1695,9501,1695
1116, 38, shfl_nested, 114, 350,1695,9501,1695
1117, 38, shfl_nested, 114, 350,1695,9501,1695
1118, 38, shfl_nested, 114, 350,1695,9501,1695
1119, 38, shfl_nested, 114, 350,1695,9501,1695
1120, 38, shfl_nested, 114, 350,1695,9501,1695
1121, 38, shfl_nested, 114, 350,1695,9501,1695
1122, 38, shfl_nested, 114, 350,1695,9501,1695
1123, 38, shfl_nested, 114, 350,1695,9501,1695
1124, 38, shfl_nested, 114, 350,1695,9501,1695
1125, 38, shfl_nested, 114, 350,1695,9501,1695
1126, 37, shfl_nested, 114, 350,1695,9501,1695
1127, 37, shfl_nested, 114, 350,1695,9501,1695
1128, 37, shfl_nested, 114, 350,1695,9501,1695
1129, 37, shfl_nested, 114, 350,1695,9501,1695
1130, 37, shfl_nested, 114, 350,1695,9501,1695
1131, 37, shfl_nested, 114, 350,1695,9501,1695
1132, 37, shfl_nested, 114, 350,1695,9501,1695
1133, 37, shfl_nested, 114, 350,1695,9501,1695
1134, 37, shfl_nested, 114, 350,1695,9501,1695
1135, 37, shfl_nested, 114, 350,1695,9501,1695
1136, 37, shfl_nested, 114, 350,1695,9501,1695
1137, 37, shfl_nested, 114, 350,1695,9501,1695
1138, 37, shfl_nested, 114, 350,1695,9501,1695
1139, 37, shfl_nested, 114, 350,1695,9501,1695
1140, 37, shfl_nested, 114, 350,1695,9501,1695
1141, 37, shfl_nested, 114, 350,1695,9501,1695
1142, 37, shfl_nested, 114, 350,1695,9501,1695
1143, 37, shfl_nested, 114, 350,1695,9501,1695
1144, 37, shfl_nested, 114, 350,1695,9501,1695
1145, 37, shfl_nested, 114, 350,1695,9501,1695
1146, 37, shfl_nested, 114, 350,1695,9501,1695
1147, 37, shfl_nested, 114, 350,1695,9501,1695
1148, 37, shfl_nested, 114, 350,1695,9501,1695
1149, 37, shfl_nested, 114, 350,1695,9501,1695
1150, 37, shfl_nested, 114, 350,1695,9501,1695
1151, 37, shfl_nested, 114, 350,1695,9501,1695
1152, 37, shfl_nested, 114, 350,1695,9501,1695
1153, 37, shfl_nested, 114, 350,1695,9501,1695
1154, 37, shfl_nested, 114, 350,1695,9501,1695
1155, 37, shfl_nested, 114, 350,1695,9501,1695
1156, 38, shfl_nested, 114, 350,1695,9501,1695
1157, 38, shfl_nested, 114, 350,1695,9501,1695
1158, 38, shfl_nested, 114, 350,1695,9501,1695
1159, 38, shfl_nested, 114, 350,1695,9501,1695
1160, 38, shfl_nested, 114, 350,1695,9501,1695
1161, 38, shfl_nested, 114, 350,1695,9501,1695
1162, 38, shfl_nested, 114, 350,1695,9501,1695
1163, 38, shfl_nested, 114, 350,1695,9501,1695
1164, 38, shfl_nested, 114, 350,1695,9501,1695
1165, 38, shfl_nested, 114, 350,1695,9501,1695
1166, 38, shfl_nested, 114, 350,1695,9501,1695
1167, 38, shfl_nested, 114, 350,1695,9501,1695
1168, 38, shfl_nested, 114, 350,1695,9501,1695
1169, 38, shfl_nested, 114, 350,1695,9501,1695
1170, 38, shfl_nested, 114, 350,1695,9501,1695
1171, 38, shfl_nested, 114, 350,1695,9501,1695
1172, 38, shfl_nested, 114, 350,1695,9501,1695
1173, 38, shfl_nested, 114, 350,1695,9501,1695
1174, 38, shfl_nested, 114, 350,1695,9501,1695
1175, 38, shfl_nested, 114, 350,1695,9501,1695
1176, 38, shfl_nested, 114, 350,1695,9501,1695
1177, 38, shfl_nested, 114, 350,1695,9501,1695
1178, 38, shfl_nested, 114, 350,1695,9501,1695
1179, 38, shfl_nested, 114, 350,1695,9501,1695
1180, 38, shfl_nested, 114, 350,1695,9501,1695
1181, 38, shfl_nested, 114, 350,1695,9501,1695
1182, 38, shfl_nested, 114, 350,1695,9501,1695
1183, 38, shfl_nested, 114, 350,1695,9501,1695
1184, 38, shfl_nested, 114, 350,1695,9501,1695
1185, 38, shfl_nested, 114, 350,1695,9501,1695
1186, 37, shfl_nested, 114, 350,1695,9501,1695
1187, 37, shfl_nested, 114, 350,1695,9501,1695
1188, 37, shfl_nested, 114, 350,1695,9501,1695
1189, 37, shfl_nested, 114, 350,1695,9501,1695
1190, 37, shfl_nested, 114, 350,1695,9501,1695
1191, 37, shfl_nested, 114, 350,1695,9501,1695
1192, 37, shfl_nested, 114, 350,1695,9501,1695
1193, 37, shfl_nested, 114, 350,1695,9501,1695
1194, 37, shfl_nested, 114, 350,1695,9501,1695
1195, 37, shfl_nested, 114, 350,1695,9501,1695
1196, 37, shfl_nested, 114, 350,1695,9501,1695
1197, 37, shfl_nested, 114, 350,1695,9501,1695
1198, 37, shfl_nested, 114, 350,1695,9501,1695
1199, 37, shfl_nested, 114, 350,1695,9501,1695
1200, 37, shfl_nested, 114, 350,1695,9501,1695
1201, 37, shfl_nested, 114, 350,1695,9501,1695
1202, 37, shfl_nested, 114, 350,1695,9501,1695
1203, 37, shfl_nested, 114, 350,1695,9501,1695
1204, 37, shfl_nested, 114, 350,1695,9501,1695
1205, 38, shfl_nested, 114, 350,1695,9501,1695
1206, 38, shfl_nested, 114, 350,1695,9501,1695
1207, 38, shfl_nested, 114, 350,1695,9501,1695
1208, 38, shfl_nested, 114, 350,1695,9501,1695
1209, 38, shfl_nested, 114, 350,1695,9501,1695
1210, 38, shfl_nested, 114, 350,1695,9501,1695
1211, 38, shfl_nested, 114, 350,1695,9501,1695
1212, 38, shfl_nested, 114, 350,1695,9501,1695
1213, 38, shfl_nested, 114, 350,1695,9501,1695
1214, 38, shfl_nested, 114, 350,1695,9501,1695
1215, 38, shfl_nested, 114, 350,1695,9501,1695
1216, 38, shfl_nested, 114, 350,1695,9501,1695
1217, 38, shfl_nested, 114, 350,1695,9501,1695
1218, 38, shfl_nested, 114, 350,1695,9501,1695
1219, 38, shfl_nested, 114, 350,1695,9501,1695
1220, 38, shfl_nested, 114, 350,1695,9501,1695
1221, 38, shfl_nested, 114, 350,1695,9501,1695
1222, 38, shfl_nested, 114, 350,1695,9501,1695
1223, 38, shfl_nested, 114, 350,1695,9501,1695
1224, 38, shfl_nested, 114, 350,1695,9501,1695
1225, 38, shfl_nested, 114, 350,1695,9501,1695
1226, 38, shfl_nested, 114, 350,1695,9501,1695
1227, 38, shfl_nested, 114, 350,1695,9501,1695
1228, 38, shfl_nested, 114, 350,1695,9501,1695
1229, 38, shfl_nested, 114, 350,1695,9501,1695
1230, 38, shfl_nested, 114, 350,1695,9501,1695
1231, 38, shfl_nested, 114, 350,1695,9501,1695
1232, 38, shfl_nested, 114, 350,1695,9501,1695
1233, 38, shfl_nested, 114, 350,1695,9501,1695
1234, 38, shfl_nested, 114, 350,1695,9501,1695
1235, 38, shfl_nested, 114, 350,1695,9501,1695
1236, 38, shfl_nested, 114, 350,1695,9501,1695
1237, 38, shfl_nested, 114, 350,1695,9501,1695
1238, 38, shfl_nested, 114, 350,1695,9501,1695
1239, 38, shfl_nested, 114, 350,1695,9501,1695
1240, 38, shfl_nested, 114, 350,1695,9501,1695
1241, 38, shfl_nested, 114, 350,1695,9501,1695
1242, 37, shfl_nested, 114, 350,1695,9501,1695
1243, 37, shfl_nested, 114, 350,1695,9501,1695
1244, 37, shfl_nested, 114, 350,1695,9501,1695
1245, 37, shfl_nested, 114, 350,1695,9501,1695
1246, 37, shfl_nested, 114, 350,1695,9501,1695
1247, 37, shfl_nested, 114, 350,1695,9501,1695
1248, 37, shfl_nested, 114, 350,1695,9501,1695
1249, 37, shfl_nested, 114, 350,1695,9501,1695
1250, 37, shfl_nested, 114, 350,1695,9501,1695
1251, 37, shfl_nested, 114, 350,1695,9501,1695
1252, 37, shfl_nested, 114, 350,1695,9501,1695
1253, 37, shfl_nested, 114, 350,1695,9501,1695
1254, 37, shfl_nested, 114, 350,1695,9501,1695
1255, 37, shfl_nested, 114, 350,1695,9501,1695
1256, 37, shfl_nested, 114, 350,1695,9501,1695
1257, 37, shfl_nested, 114, 350,1695,9501,1695
1258, 37, shfl_nested, 114, 350,1695,9501,1695
1259, 37, shfl_nested, 114, 350,1695,9501,1695
1260, 37, shfl_nested, 114, 350,1695,9501,1695
1261, 37, shfl_nested, 114, 350,1695,9501,1695
1262, 37, shfl_nested, 114, 350,1695,9501,1695
1263, 38, shfl_nested, 114, 350,1695,9501,1695
1264, 38, shfl_nested, 114, 350,1695,9501,1695
1265, 38, shfl_nested, 114, 350,1695,9501,1695
1266, 38, shfl_nested, 114, 350,1695,9501,1695
1267, 38, shfl_nested, 114, 350,1695,9501,1695
1268, 38, shfl_nested, 114, 350,1695,9501,1695
1269, 38, shfl_nested, 114, 350,1695,9501,1695
1270, 38, shfl_nested, 114, 350,1695,9501,1695
1271, 38, shfl_nested, 114, 350,1695,9501,1695
1272, 38, shfl_nested, 114, 350,1695,9501,1695
1273, 38, shfl_nested, 114, 350,1695,9501,1695
1274, 38, shfl_nested, 114, 350,1695,9501,1695
1275, 38, shfl_nested, 114, 350,1695,9501,1695
1276, 38, shfl_nested, 114, 350,1695,9501,1695
1277, 38, shfl_nested, 114, 350,1695,9501,1695
1278, 38, shfl_nested, 114, 350,1695,9501,1695
1279, 38, shfl_nested, 114, 350,1695,9501,1695
1280, 38, shfl_nested, 114, 350,1695,9501,1695
1281, 38, shfl_nested, 114, 350,1695,9501,1695
1282, 38, shfl_nested, 114, 350,1695,9501,1695
1283, 38, shfl_nested, 114, 350,1695,9501,1695
1284, 38, shfl_nested, 114, 350,1695,9501,1695
1285, 38, shfl_nested, 114, 350,1695,9501,1695
1286, 38, shfl_nested, 114, 350,1695,9501,1695
1287, 38, shfl_nested, 114, 350,1695,9501,1695
1288, 38, shfl_nested, 114, 350,1695,9501,1695
1289, 38, shfl_nested, 114, 350,1695,9501,1695
1290, 38, shfl_nested, 114, 350,1695,9501,1695
1291, 38, shfl_nested, 114, 350,1695,9501,1695
1292, 38, shfl_nested, 114, 350,1695,9501,1695
1293, 38, shfl_nested, 114, 350,1695,9501,1695
1294, 38, shfl_nested, 114, 350,1695,9501,1695
1295, 38, shfl_nested, 114, 350,1695,9501,1695
1296, 38, shfl_nested, 114, 350,1695,9501,1695
1297, 38, shfl_nested, 114, 350,1695,9501,1695
1298, 38, shfl_nested, 114, 350,1695,9501,1695
1299, 38, shfl_nested, 114, 350,1695,9501,1695
1300, 38, shfl_nested, 114, 350,1695,9501,1695
1301, 38, shfl_nested, 114, 350,1695,9501,1695
1302, 38, shfl_nested, 114, 350,1695,9501,1695
1303, 38, shfl_nested, 114, 350,1695,9501,1695
1304, 38, shfl_nested, 114, 350,1695,9501,1695
1305, 38, shfl_nested, 114, 350,1695,9501,1695
1306, 38, shfl_nested, 114, 350,1695,9501,1695
1307, 38, shfl_nested, 114, 350,1695,9501,1695
1308, 38, shfl_nested, 114, 350,1695,9501,1695
1309, 38, shfl_nested, 114, 350,1695,9501,1695
1310, 38, shfl_nested, 114, 350,1695,9501,1695
1311, 37, shfl_nested, 114, 350,1695,9501,1695
1312, 37, shfl_nested, 114, 350,1695,9501,1695
1313, 37, shfl_nested, 114, 350,1695,9501,1695
1314, 37, shfl_nested, 114, 350,1695,9501,1695
1315, 37, shfl_nested, 114, 350,1695,9501,1695
1316, 37, shfl_nested, 114, 350,1695,9501,1695
1317, 37, shfl_nested, 114, 350,1695,9501,1695
1318, 37, shfl_nested, 114, 350,1695,9501,1695
1319, 37, shfl_nested, 114, 350,1695,9501,1695
1320, 37, shfl_nested, 114, 350,1695,9501,1695
1321, 38, shfl_nested, 114, 350,1695,9501,1695
1322, 38, shfl_nested, 114, 350,1695,9501,1695
1323, 38, shfl_nested, 114, 350,1695,9501,1695
1324, 38, shfl_nested, 114, 350,1695,9501,1695
1325, 38, shfl_nested, 114, 350,1695,9501,1695
1326, 38, shfl_nested, 114, 350,1695,9501,1695
1327, 38, shfl_nested, 114, 350,1695,9501,1695
1328, 38, shfl_nested, 114, 350,1695,9501,1695
1329, 38, shfl_nested, 114, 350,1695,9501,1695
1330, 38, shfl_nested, 114, 350,1695,9501,1695
1331, 38, shfl_nested, 114, 350,1695,9501,1695
1332, 38, shfl_nested, 114, 350,1695,9501,1695
1333, 38, shfl_nested, 114, 350,1695,9501,1695
1334, 38, shfl_nested, 114, 350,1695,9501,1695
1335, 38, shfl_nested, 114, 350,1695,9501,1695
1336, 38, shfl_nested, 114, 350,1695,9501,1695
1337, 38, shfl_nested, 114, 350,1695,9501,1695
1338, 38, shfl_nested, 114, 350,1695,9501,1695
1339, 38, shfl_nested, 114, 350,1695,9501,1695
1340, 38, shfl_nested, 114, 350,1695,9501,1695
1341, 38, shfl_nested, 114, 350,1695,9501,1695
1342, 38, shfl_nested, 114, 350,1695,9501,1695
1343, 38, shfl_nested, 114, 350,1695,9501,1695
1344, 38, shfl_nested, 114, 350,1695,9501,1695
1345, 38, shfl_nested, 114, 350,1695,9501,1695
1346, 38, shfl_nested, 114, 350,1695,9501,1695
1347, 38, shfl_nested, 114, 350,1695,9501,1695
1348, 38, shfl_nested, 114, 350,1695,9501,1695
1349, 38, shfl_nested, 114, 350,1695,9501,1695
1350, 38, shfl_nested, 114, 350,1695,9501,1695
1351, 38, shfl_nested, 114, 350,1695,9501,1695
1352, 38, shfl_nested, 114, 350,1695,9501,1695
1353, 38, shfl_nested, 114, 350,1695,9501,1695
1354, 38, shfl_nested, 114, 350,1695,9501,1695
1355, 38, shfl_nested, 114, 350,1695,9501,1695
1356, 38, shfl_nested, 114, 350,1695,9501,1695
1357, 38, shfl_nested, 114, 350,1695,9501,1695
1358, 38, shfl_nested, 114, 350,1695,9501,1695
1359, 38, shfl_nested, 114, 350,1695,9501,1695
1360, 38, shfl_nested, 114, 350,1695,9501,1695
1361, 38, shfl_nested, 114, 350,1695,9501,1695
1362, 38, shfl_nested, 114, 350,1695,9501,1695
1363, 38, shfl_nested, 114, 350,1695,9501,1695
1364, 38, shfl_nested, 114, 350,1695,9501,1695
1365, 38, shfl_nested, 114, 350,1695,9501,1695
1366, 38, shfl_nested, 114, 350,1695,9501,1695
1367, 38, shfl_nested, 114, 350,1695,9501,1695
1368, 38, shfl_nested, 114, 350,1695,9501,1695
1369, 38, shfl_nested, 114, 350,1695,9501,1695
1370, 38, shfl_nested, 114, 350,1695,9501,1695
1371, 37, shfl_nested, 114, 350,1695,9501,1695
1372, 37, shfl_nested, 114, 350,1695,9501,1695
1373, 37, shfl_nested, 114, 350,1695,9501,1695
1374, 37, shfl_nested, 114, 350,1695,9501,1695
1375, 37, shfl_nested, 114, 350,1695,9501,1695
1376, 37, shfl_nested, 114, 350,1695,9501,1695
1377, 37, shfl_nested, 114, 350,1695,9501,1695
1378, 37, shfl_nested, 114, 350,1695,9501,1695
1379, 37, shfl_nested, 114, 350,1695,9501,1695
1380, 37, shfl_nested, 114, 350,1695,9501,1695
1381, 38, shfl_nested, 114, 350,1695,9501,1695
1382, 38, shfl_nested, 114, 350,1695,9501,1695
1383, 38, shfl_nested, 114, 350,1695,9501,1695
1384, 38, shfl_nested, 114, 350,1695,9501,1695
1385, 38, shfl_nested, 114, 350,1695,9501,1695
1386, 38, shfl_nested, 114, 350,1695,9501,1695
1387, 38, shfl_nested, 114, 350,1695,9501,1695
1388, 38, shfl_nested, 114, 350,1695,9501,1695
1389, 38, shfl_nested, 114, 350,1695,9501,1695
1390, 38, shfl_nested, 114, 350,1695,9501,1695
1391, 38, shfl_nested, 114, 350,1695,9501,1695
1392, 38, shfl_nested, 114, 350,1695,9501,1695
1393, 38, shfl_nested, 114, 350,1695,9501,1695
1394, 38, shfl_nested, 114, 350,1695,9501,1695
1395, 38, shfl_nested, 114, 350,1695,9501,1695
1396, 38, shfl_nested, 114, 350,1695,9501,1695
1397, 38, shfl_nested, 114, 350,1695,9501,1695
1398, 38, shfl_nested, 114, 350,1695,9501,1695
1399, 38, shfl_nested, 114, 350,1695,9501,1695
1400, 38, shfl_nested, 114, 350,1695,9501,1695
1401, 38, shfl_nested, 114, 350,1695,9501,1695
1402, 38, shfl_nested, 114, 350,1695,9501,1695
1403, 38, shfl_nested, 114, 350,1695,9501,1695
1404, 38, shfl_nested, 114, 350,1695,9501,1695
1405, 38, shfl_nested, 114, 350,1695,9501,1695
1406, 38, shfl_nested, 114, 350,1695,9501,1695
1407, 38, shfl_nested, 114, 350,1695,9501,1695
1408, 38, shfl_nested, 114, 350,1695,9501,1695
1409, 38, shfl_nested, 114, 350,1695,9501,1695
1410, 38, shfl_nested, 114, 350,1695,9501,1695
1411, 38, shfl_nested, 114, 350,1695,9501,1695
1412, 38, shfl_nested, 114, 350,1695,9501,1695
1413, 38, shfl_nested, 114, 350,1695,9501,1695
1414, 38, shfl_nested, 114, 350,1695,9501,1695
1415, 38, shfl_nested, 114, 350,1695,9501,1695
1416, 38, shfl_nested, 114, 350,1695,9501,1695
1417, 38, shfl_nested, 114, 350,1695,9501,1695
1418, 38, shfl_nested, 114, 350,1695,9501,1695
1419, 38, shfl_nested, 114, 350,1695,9501,1695
1420, 38, shfl_nested, 114, 350,1695,9501,1695
1421, 38, shfl_nested, 114, 350,1695,9501,1695
1422, 38, shfl_nested, 114, 350,1695,9501,1695
1423, 38, shfl_nested, 114, 350,1695,9501,1695
1424, 38, shfl_nested, 114, 350,1695,9501,1695
1425, 38, shfl_nested, 114, 350,1695,9501,1695
1426, 38, shfl_nested, 114, 350,1695,9501,1695
1427, 38, shfl_nested, 114, 350,1695,9501,1695
1428, 38, shfl_nested, 114, 350,1695,9501,1695
1429, 38, shfl_nested, 114, 350,1695,9501,1695
1430, 38, shfl_nested, 114, 350,1695,9501,1695
1431, 38, shfl_nested, 114, 350,1695,9501,1695
1432, 38, shfl_nested, 114, 350,1695,9501,1695
1433, 38, shfl_nested, 114, 350,1695,9501,1695
1434, 38, shfl_nested, 114, 350,1695,9501,1695
1435, 38, shfl_nested, 114, 350,1695,9501,1695
1436, 38, shfl_nested, 114, 350,1695,9501,1695
1437, 38, shfl_nested, 114, 350,1695,9501,1695
1438, 38, shfl_nested, 114, 350,1695,9501,1695
1439, 38, shfl_nested, 114, 350,1695,9501,1695
1440, 38, shfl_nested, 114, 350,1695,9501,1695
1441, 38, shfl_nested, 114, 350,1695,9501,1695
1442, 38, shfl_nested, 114, 350,1695,9501,1695
1443, 38, shfl_nested, 114, 350,1695,9501,1695
1444, 38, shfl_nested, 114, 350,1695,9501,1695
1445, 38, shfl_nested, 114, 350,1695,9501,1695
1446, 38, shfl_nested, 114, 350,1695,9501,1695
1447, 38, shfl_nested, 114, 350,1695,9501,1695
1448, 38, shfl_nested, 114, 350,1695,9501,1695
1449, 38, shfl_nested, 114, 350,1695,9501,1695
1450, 38, shfl_nested, 114, 350,1695,9501,1695
1451, 38, shfl_nested, 114, 350,1695,9501,1695
1452, 38, shfl_nested, 114, 350,1695,9501,1695
1453, 38, shfl_nested, 114, 350,1695,9501,1695
1454, 38, shfl_nested, 114, 350,1695,9501,1695
1455, 38, shfl_nested, 114, 350,1695,9501,1695
1456, 38, shfl_nested, 114, 350,1695,9501,1695
1457, 38, shfl_nested, 114, 350,1695,9501,1695
1458, 38, shfl_nested, 114, 350,1695,9501,1695
1459, 38, shfl_nested, 114, 350,1695,9501,1695
1460, 38, shfl_nested, 114, 350,1695,9501,1695
1461, 38, shfl_nested, 114, 350,1695,9501,1695
1462, 38, shfl_nested, 114, 350,1695,9501,1695
1463, 38, shfl_nested, 114, 350,1695,9501,1695
1464, 38, shfl_nested, 114, 350,1695,9501,1695
1465, 38, shfl_nested, 114, 350,1695,9501,1695
1466, 38, shfl_nested, 114, 350,1695,9501,1695
1467, 38, shfl_nested, 114, 350,1695,9501,1695
1468, 38, shfl_nested, 114, 350,1695,9501,1695
1469, 38, shfl_nested, 114, 350,1695,9501,1695
1470, 38, shfl_nested, 114, 350,1695,9501,1695
1471, 38, shfl_nested, 114, 350,1695,9501,1695
1472, 38, shfl_nested, 114, 350,1695,9501,1695
1473, 38, shfl_nested, 114, 350,1695,9501,1695
1474, 38, shfl_nested, 114, 350,1695,9501,1695
1475, 38, shfl_nested, 114, 350,1695,9501,1695
1476, 38, shfl_nested, 114, 350,1695,9501,1695
1477, 38, shfl_nested, 114, 350,1695,9501,1695
1478, 38, shfl_nested, 114, 350,1695,9501,1695
1479, 38, shfl_nested, 114, 350,1695,9501,1695
1480, 38, shfl_nested, 114, 350,1695,9501,1695
1481, 38, shfl_nested, 114, 350,1695,9501,1695
1482, 38, shfl_nested, 114, 350,1695,9501,1695
1483, 38, shfl_nested, 114, 350,1695,9501,1695
1484, 38, shfl_nested, 114, 350,1695,9501,1695
1485, 38, shfl_nested, 114, 350,1695,9501,1695
1486, 38, shfl_nested, 114, 350,1695,9501,1695
1487, 38, shfl_nested, 114, 350,1695,9501,1695
1488, 38, shfl_nested, 114, 350,1695,9501,1695
1489, 38, shfl_nested, 114, 350,1695,9501,1695
1490, 38, shfl_nested, 114, 350,1695,9501,1695
1491, 38, shfl_nested, 114, 350,1695,9501,1695
1492, 38, shfl_nested, 114, 350,1695,9501,1695
1493, 38, shfl_nested, 114, 350,1695,9501,1695
1494, 38, shfl_nested, 114, 350,1695,9501,1695
1495, 38, shfl_nested, 114, 350,1695,9501,1695
1496, 38, shfl_nested, 114, 350,1695,9501,1695
1497, 38, shfl_nested, 114, 350,1695,9501,1695
1498, 38, shfl_nested, 114, 350,1695,9501,1695
1499, 38, shfl_nested, 114, 350,1695,9501,1695
1500, 38, shfl_nested, 114, 350,1695,9501,1695
1501, 38, shfl_nested, 114, 350,1695,9501,1695
1502, 38, shfl_nested, 114, 350,1695,9501,1695
1503, 38, shfl_nested, 114, 350,1695,9501,1695
1504, 38, shfl_nested, 114, 350,1695,9501,1695
1505, 38, shfl_nested, 114, 350,1695,9501,1695
1506, 38, shfl_nested, 114, 350,1695,9501,1695
1507, 38, shfl_nested, 114, 350,1695,9501,1695
1508, 38, shfl_nested, 114, 350,1695,9501,1695
1509, 38, shfl_nested, 114, 350,1695,9501,1695
1510, 38, shfl_nested, 114, 350,1695,9501,1695
1511, 38, shfl_nested, 114, 350,1695,9501,1695
1512, 38, shfl_nested, 114, 350,1695,9501,1695
1513, 38, shfl_nested, 114, 350,1695,9501,1695
1514, 38, shfl_nested, 114, 350,1695,9501,1695
1515, 38, shfl_nested, 114, 350,1695,9501,1695
1516, 38, shfl_nested, 114, 350,1695,9501,1695
1517, 38, shfl_nested, 114, 350,1695,9501,1695
1518, 38, shfl_nested, 114, 350,1695,9501,1695
1519, 38, shfl_nested, 114, 350,1695,9501,1695
1520, 38, shfl_nested, 114, 350,1695,9501,1695
1521, 38, shfl_nested, 114, 350,1695,9501,1695
1522, 38, shfl_nested, 114, 350,1695,9501,1695
1523, 38, shfl_nested, 114, 350,1695,9501,1695
1524, 38, shfl_nested, 114, 350,1695,9501,1695
1525, 38, shfl_nested, 114, 350,1695,9501,1695
1526, 38, shfl_nested, 114, 350,1695,9501,1695
1527, 38, shfl_nested, 114, 350,1695,9501,1695
1528, 38, shfl_nested, 114, 350,1695,9501,1695
1529, 38, shfl_nested, 114, 350,1695,9501,1695
1530, 38, shfl_nested, 114, 350,1695,9501,1695
1531, 38, shfl_nested, 114, 350,1695,9501,1695
1532, 38, shfl_nested, 114, 350,1695,9501,1695
1533, 38, shfl_nested, 114, 350,1695,9501,1695
1534, 38, shfl_nested, 114, 350,1695,9501,1695
1535, 38, shfl_nested, 114, 350,1695,9501,1695
1536, 38, shfl_nested, 114, 350,1695,9501,1695
1537, 38, shfl_nested, 114, 350,1695,9501,1695
1538, 38, shfl_nested, 114, 350,1695,9501,1695
1539, 38, shfl_nested, 114, 350,1695,9501,1695
1540, 38, shfl_nested, 114, 350,1695,9501,1695
1541, 38, shfl_nested, 114, 350,1695,9501,1695
1542, 38, shfl_nested, 114, 350,1695,9501,1695
1543, 38, shfl_nested, 114, 350,1695,9501,1695
1544, 38, shfl_nested, 114, 350,1695,9501,1695
1545, 38, shfl_nested, 114, 350,1695,9501,1695
1546, 38, shfl_nested, 114, 350,1695,9501,1695
1547, 38, shfl_nested, 114, 350,1695,9501,1695
1548, 38, shfl_nested, 114, 350,1695,9501,1695
1549, 38, shfl_nested, 114, 350,1695,9501,1695
1550, 38, shfl_nested, 114, 350,1695,9501,1695
1551, 38, shfl_nested, 114, 350,1695,9501,1695
1552, 38, shfl_nested, 114, 350,1695,9501,1695
1553, 38, shfl_nested, 114, 350,1695,9501,1695
1554, 38, shfl_nested, 114, 350,1695,9501,1695
1555, 38, shfl_nested, 114, 350,1695,9501,1695
1556, 38, shfl_nested, 114, 350,1695,9501,1695
1557, 38, shfl_nested, 114, 350,1695,9501,1695
1558, 38, shfl_nested, 114, 350,1695,9501,1695
1559, 38, shfl_nested, 114, 350,1695,9501,1695
1560, 38, shfl_nested, 114, 350,1695,9501,1695
1561, 38, shfl_nested, 114, 350,1695,9501,1695
1562, 38, shfl_nested, 114, 350,1695,9501,1695
1563, 38, shfl_nested, 114, 350,1695,9501,1695
1564, 38, shfl_nested, 114, 350,1695,9501,1695
1565, 38, shfl_nested, 114, 350,1695,9501,1695
1566, 38, shfl_nested, 114, 350,1695,9501,1695
1567, 38, shfl_nested, 114, 350,1695,9501,1695
1568, 38, shfl_nested, 114, 350,1695,9501,1695
1569, 38, shfl_nested, 114, 350,1695,9501,1695
1570, 38, shfl_nested, 114, 350,1695,9501,1695
1571, 38, shfl_nested, 114, 350,1695,9501,1695
1572, 38, shfl_nested, 114, 350,1695,9501,1695
1573, 38, shfl_nested, 114, 350,1695,9501,1695
1574, 38, shfl_nested, 114, 350,1695,9501,1695
1575, 38, shfl_nested, 114, 350,1695,9501,1695
1576, 38, shfl_nested, 114, 350,1695,9501,1695
1577, 38, shfl_nested, 114, 350,1695,9501,1695
1578, 38, shfl_nested, 114, 350,1695,9501,1695
1579, 38, shfl_nested, 114, 350,1695,9501,1695
1580, 38, shfl_nested, 114, 350,1695,9501,1695
1581, 38, shfl_nested, 114, 350,1695,9501,1695
1582, 38, shfl_nested, 114, 350,1695,9501,1695
1583, 38, shfl_nested, 114, 350,1695,9501,1695
1584, 38, shfl_nested, 114, 350,1695,9501,1695
1585, 38, shfl_nested, 114, 350,1695,9501,1695
1586, 38, shfl_nested, 115, 350,1695,9501,1695
1587, 38, shfl_nested, 115, 350,1695,9501,1695
1588, 38, shfl_nested, 115, 350,1695,9501,1695
1589, 38, shfl_nested, 115, 350,1695,9501,1695
1590, 38, shfl_nested, 115, 350,1695,9501,1695
1591, 38, shfl_nested, 115, 350,1695,9501,1695
1592, 38, shfl_nested, 115, 350,1695,9501,1695
1593, 38, shfl_nested, 115, 350,1695,9501,1695
1594, 38, shfl_nested, 115, 350,1695,9501,1695
1595, 38, shfl_nested, 115, 350,1695,9501,1695
1596, 38, shfl_nested, 115, 350,1695,9501,1695
1597, 38, shfl_nested, 115, 350,1695,9501,1695
1598, 38, shfl_nested, 115, 350,1695,9501,1695
1599, 38, shfl_nested, 115, 350,1695,9501,1695
1600, 38, shfl_nested, 115, 350,1695,9501,1695
1601, 38, shfl_nested, 115, 350,1695,9501,1695
1602, 38, shfl_nested, 115, 350,1695,9501,1695
1603, 38, shfl_nested, 115, 350,1695,9501,1695
1604, 38, shfl_nested, 115, 350,1695,9501,1695
1605, 38, shfl_nested, 115, 350,1695,9501,1695
1606, 38, shfl_nested, 115, 350,1695,9501,1695
1607, 38, shfl_nested, 115, 350,1695,9501,1695
1608, 38, shfl_nested, 115, 350,1695,9501,1695
1609, 38, shfl_nested, 115, 350,1695,9501,1695
1610, 38, shfl_nested, 115, 350,1695,9501,1695
1611, 38, shfl_nested, 115, 350,1695,9501,1695
1612, 38, shfl_nested, 115, 350,1695,9501,1695
1613, 38, shfl_nested, 115, 350,1695,9501,1695
1614, 38, shfl_nested, 115, 350,1695,9501,1695
1615, 38, shfl_nested, 115, 350,1695,9501,1695
1616, 38, shfl_nested, 115, 350,1695,9501,1695
1617, 38, shfl_nested, 115, 350,1695,9501,1695
1618, 38, shfl_nested, 115, 350,1695,9501,1695
1619, 38, shfl_nested, 115, 350,1695,9501,1695
1620, 38, shfl_nested, 115, 350,1695,9501,1695
1621, 38, shfl_nested, 115, 350,1695,9501,1695
1622, 38, shfl_nested, 115, 350,1695,9501,1695
1623, 38, shfl_nested, 115, 350,1695,9501,1695
1624, 38, shfl_nested, 115, 350,1695,9501,1695
1625, 38, shfl_nested, 115, 350,1695,9501,1695
1626, 38, shfl_nested, 115, 350,1695,9501,1695
1627, 38, shfl_nested, 115, 350,1695,9501,1695
1628, 38, shfl_nested, 115, 350,1695,9501,1695
1629, 38, shfl_nested, 115, 350,1695,9501,1695
1630, 38, shfl_nested, 115, 350,1695,9501,1695
1631, 38, shfl_nested, 115, 350,1695,9501,1695
1632, 38, shfl_nested, 115, 350,1695,9501,1695
1633, 38, shfl_nested, 115, 350,1695,9501,1695
1634, 38, shfl_nested, 115, 350,1695,9501,1695
1635, 38, shfl_nested, 115, 350,1695,9501,1695
1636, 38, shfl_nested, 115, 350,1695,9501,1695
1637, 38, shfl_nested, 115, 350,1695,9501,1695
1638, 38, shfl_nested, 115, 350,1695,9501,1695
1639, 38, shfl_nested, 115, 350,1695,9501,1695
1640, 38, shfl_nested, 115, 350,1695,9501,1695
1641, 38, shfl_nested, 115, 350,1695,9501,1695
1642, 38, shfl_nested, 115, 350,1695,9501,1695
1643, 38, shfl_nested, 115, 350,1695,9501,1695
1644, 38, shfl_nested, 115, 350,1695,9501,1695
1645, 38, shfl_nested, 115, 350,1695,9501,1695
1646, 38, shfl_nested, 115, 350,1695,9501,1695
1647, 38, shfl_nested, 115, 350,1695,9501,1695
1648, 38, shfl_nested, 115, 350,1695,9501,1695
1649, 38, shfl_nested, 115, 350,1695,9501,1695
1650, 38, shfl_nested, 115, 350,1695,9501,1695
1651, 38, shfl_nested, 115, 350,1695,9501,1695
1652, 38, shfl_nested, 115, 350,1695,9501,1695
1653, 38, shfl_nested, 115, 350,1695,9501,1695
1654, 38, shfl_nested, 115, 350,1695,9501,1695
1655, 38, shfl_nested, 115, 350,1695,9501,1695
1656, 38, shfl_nested, 115, 350,1695,9501,1695
1657, 38, shfl_nested, 115, 350,1695,9501,1695
1658, 38, shfl_nested, 115, 350,1695,9501,1695
1659, 38, shfl_nested, 115, 350,1695,9501,1695
1660, 38, shfl_nested, 115, 350,1695,9501,1695
1661, 38, shfl_nested, 115, 350,1695,9501,1695
1662, 38, shfl_nested, 115, 350,1695,9501,1695
1663, 38, shfl_nested, 115, 350,1695,9501,1695
1664, 38, shfl_nested, 115, 350,1695,9501,1695
1665, 38, shfl_nested, 115, 350,1695,9501,1695
1666, 38, shfl_nested, 115, 350,1695,9501,1695
1667, 38, shfl_nested, 115, 350,1695,9501,1695
1668, 38, shfl_nested, 115, 350,1695,9501,1695
1669, 38, shfl_nested, 115, 350,1695,9501,1695
1670, 38, shfl_nested, 115, 350,1695,9501,1695
1671, 38, shfl_nested, 115, 350,1695,9501,1695
1672, 38, shfl_nested, 115, 350,1695,9501,1695
1673, 38, shfl_nested, 115, 350,1695,9501,1695
1674, 38, shfl_nested, 115, 350,1695,9501,1695
1675, 38, shfl_nested, 115, 350,1695,9501,1695
1676, 38, shfl_nested, 115, 350,1695,9501,1695
1677, 38, shfl_nested, 115, 350,1695,9501,1695
1678, 38, shfl_nested, 115, 350,1695,9501,1695
1679, 38, shfl_nested, 115, 350,1695,9501,1695
1680, 38, shfl_nested, 115, 350,1695,9501,1695
1681, 38, shfl_nested, 115, 350,1695,9501,1695
1682, 38, shfl_nested, 115, 350,1695,9501,1695
1683, 38, shfl_nested, 115, 350,1695,9501,1695
1684, 38, shfl_nested, 115, 350,1695,9501,1695
1685, 38, shfl_nested, 115, 350,1695,9501,1695
1686, 38, shfl_nested, 115, 350,1695,9501,1695
1687, 38, shfl_nested, 115, 350,1695,9501,1695
1688, 38, shfl_nested, 115, 350,1695,9501,1695
1689, 38, shfl_nested, 115, 350,1695,9501,1695
1690, 38, shfl_nested, 115, 350,1695,9501,1695
1691, 38, shfl_nested, 115, 350,1695,9501,1695
1692, 38, shfl_nested, 115, 350,1695,9501,1695
1693, 38, shfl_nested, 115, 350,1695,9501,1695
1694, 38, shfl_nested, 115, 350,1695,9501,1695
1695, 38, shfl_nested, 115, 350,1695,9501,1695
1696, 38, shfl_nested, 115, 350,1695,9501,1695
1697, 38, shfl_nested, 115, 350,1695,9501,1695
1698, 38, shfl_nested, 115, 350,1695,9501,1695
1699, 38, shfl_nested, 115, 350,1695,9501,1695
1700, 38, shfl_nested, 115, 350,1695,9501,1695
1701, 38, shfl_nested, 115, 350,1695,9501,1695
1702, 38, shfl_nested, 115, 350,1695,9501,1695
1703, 38, shfl_nested, 115, 350,1695,9501,1695
1704, 38, shfl_nested, 115, 350,1695,9501,1695
1705, 38, shfl_nested, 115, 350,1695,9501,1695
1706, 38, shfl_nested, 115, 350,1695,9501,1695
1707, 38, shfl_nested, 115, 350,1695,9501,1695
1708, 38, shfl_nested, 115, 350,1695,9501,1695
1709, 38, shfl_nested, 115, 350,1695,9501,1695
1710, 38, shfl_nested, 115, 350,1695,9501,1695
1711, 38, shfl_nested, 115, 350,1695,9501,1695
1712, 38, shfl_nested, 115, 350,1695,9501,1695
1713, 38, shfl_nested, 115, 350,1695,9501,1695
1714, 38, shfl_nested, 115, 350,1695,9501,1695
1715, 38, shfl_nested, 115, 350,1695,9501,1695
1716, 38, shfl_nested, 115, 350,1695,9501,1695
1717, 38, shfl_nested, 115, 350,1695,9501,1695
1718, 38, shfl_nested, 115, 350,1695,9501,1695
1719, 38, shfl_nested, 115, 350,1695,9501,1695
1720, 38, shfl_nested, 115, 350,1695,9501,1695
1721, 38, shfl_nested, 115, 350,1695,9501,1695
1722, 38, shfl_nested, 115, 350,1695,9501,1695
1723, 38, shfl_nested, 115, 350,1695,9501,1695
1724, 38, shfl_nested, 115, 350,1695,9501,1695
1725, 38, shfl_nested, 115, 350,1695,9501,1695
1726, 38, shfl_nested, 115, 350,1695,9501,1695
1727, 38, shfl_nested, 115, 350,1695,9501,1695
1728, 38, shfl_nested, 115, 350,1695,9501,1695
1729, 38, shfl_nested, 115, 350,1695,9501,1695
1730, 38, shfl_nested, 115, 350,1695,9501,1695
1731, 38, shfl_nested, 115, 350,1695,9501,1695
1732, 38, shfl_nested, 115, 350,1695,9501,1695
1733, 38, shfl_nested, 115, 350,1695,9501,1695
1734, 38, shfl_nested, 115, 350,1695,9501,1695
1735, 38, shfl_nested, 115, 350,1695,9501,1695
1736, 38, shfl_nested, 115, 350,1695,9501,1695
1737, 38, shfl_nested, 115, 350,1695,9501,1695
1738, 38, shfl_nested, 115, 350,1695,9501,1695
1739, 38, shfl_nested, 115, 350,1695,9501,1695
1740, 38, shfl_nested, 115, 350,1695,9501,1695
1741, 38, shfl_nested, 115, 350,1695,9501,1695
1742, 38, shfl_nested, 115, 350,1695,9501,1695
1743, 38, shfl_nested, 115, 350,1695,9501,1695
1744, 38, shfl_nested, 115, 350,1695,9501,1695
1745, 38, shfl_nested, 115, 350,1695,9501,1695
1746, 38, shfl_nested, 115, 350,1695,9501,1695
1747, 38, shfl_nested, 115, 350,1695,9501,1695
1748, 38, shfl_nested, 115, 350,1695,9501,1695
1749, 38, shfl_nested, 115, 350,1695,9501,1695
1750, 38, shfl_nested, 115, 350,1695,9501,1695
1751, 38, shfl_nested, 115, 350,1695,9501,1695
1752, 38, shfl_nested, 115, 350,1695,9501,1695
1753, 38, shfl_nested, 115, 350,1695,9501,1695
1754, 38, shfl_nested, 115, 350,1695,9501,1695
1755, 38, shfl_nested, 115, 350,1695,9501,1695
1756, 38, shfl_nested, 115, 350,1695,9501,1695
1757, 38, shfl_nested, 115, 350,1695,9501,1695
1758, 38, shfl_nested, 115, 350,1695,9501,1695
1759, 38, shfl_nested, 115, 350,1695,9501,1695
1760, 38, shfl_nested, 115, 350,1695,9501,1695
1761, 38, shfl_nested, 115, 350,1695,9501,1695
1762, 38, shfl_nested, 115, 350,1695,9501,1695
1763, 38, shfl_nested, 115, 350,1695,9501,1695
1764, 38, shfl_nested, 115, 350,1695,9501,1695
1765, 38, shfl_nested, 115, 350,1695,9501,1695
1766, 38, shfl_nested, 115, 350,1695,9501,1695
1767, 38, shfl_nested, 115, 350,1695,9501,1695
1768, 38, shfl_nested, 115, 350,1695,9501,1695
1769, 38, shfl_nested, 115, 350,1695,9501,1695
1770, 38, shfl_nested, 115, 350,1695,9501,1695
1771, 38, shfl_nested, 115, 350,1695,9501,1695
1772, 38, shfl_nested, 115, 350,1695,9501,1695
1773, 38, shfl_nested, 115, 350,1695,9501,1695
1774, 38, shfl_nested, 115, 350,1695,9501,1695
1775, 38, shfl_nested, 115, 350,1695,9501,1695
1776, 38, shfl_nested, 115, 350,1695,9501,1695
1777, 38, shfl_nested, 115, 350,1695,9501,1695
1778, 38, shfl_nested, 115, 350,1695,9501,1695
1779, 38, shfl_nested, 115, 350,1695,9501,1695
1780, 38, shfl_nested, 115, 350,1695,9501,1695
1781, 38, shfl_nested, 115, 350,1695,9501,1695
1782, 38, shfl_nested, 115, 350,1695,9501,1695
1783, 38, shfl_nested, 115, 350,1695,9501,1695
1784, 38, shfl_nested, 115, 350,1695,9501,1695
1785, 38, shfl_nested, 115, 350,1695,9501,1695
1786, 38, shfl_nested, 115, 350,1695,9501,1695
1787, 38, shfl_nested, 115, 350,1695,9501,1695
1788, 38, shfl_nested, 115, 350,1695,9501,1695
1789, 38, shfl_nested, 115, 350,1695,9501,1695
1790, 38, shfl_nested, 115, 350,1695,9501,1695
1791, 38, shfl_nested, 115, 350,1695,9501,1695
1792, 38, shfl_nested, 115, 350,1695,9501,1695
1793, 38, shfl_nested, 115, 350,1695,9501,1695
1794, 38, shfl_nested, 115, 350,1695,9501,1695
1795, 38, shfl_nested, 115, 350,1695,9501,1695
1796, 38, shfl_nested, 115, 350,1695,9501,1695
1797, 38, shfl_nested, 115, 350,1695,9501,1695
1798, 38, shfl_nested, 115, 350,1695,9501,1695
1799, 38, shfl_nested, 115, 350,1695,9501,1695
1800, 38, shfl_nested, 115, 350,1695,9501,1695
1801, 38, shfl_nested, 115, 350,1695,9501,1695
1802, 38, shfl_nested, 115, 350,1695,9501,1695
1803, 38, shfl_nested, 115, 350,1695,9501,1695
1804, 38, shfl_nested, 115, 350,1695,9501,1695
1805, 38, shfl_nested, 115, 350,1695,9501,1695
1806, 38, shfl_nested, 115, 350,1695,9501,1695
1807, 38, shfl_nested, 115, 350,1695,9501,1695
1808, 38, shfl_nested, 115, 350,1695,9501,1695
1809, 38, shfl_nested, 115, 350,1695,9501,1695
1810, 38, shfl_nested, 115, 350,1695,9501,1695
1811, 38, shfl_nested, 115, 350,1695,9501,1695
1812, 38, shfl_nested, 115, 350,1695,9501,1695
1813, 38, shfl_nested, 115, 350,1695,9501,1695
1814, 38, shfl_nested, 115, 350,1695,9501,1695
1815, 38, shfl_nested, 115, 350,1695,9501,1695
1816, 38, shfl_nested, 115, 350,1695,9501,1695
1817, 38, shfl_nested, 115, 350,1695,9501,1695
1818, 38, shfl_nested, 115, 350,1695,9501,1695
1819, 38, shfl_nested, 115, 350,1695,9501,1695
1820, 38, shfl_nested, 115, 350,1695,9501,1695
1821, 38, shfl_nested, 115, 350,1695,9501,1695
1822, 38, shfl_nested, 115, 350,1695,9501,1695
1823, 38, shfl_nested, 115, 350,1695,9501,1695
1824, 38, shfl_nested, 115, 350,1695,9501,1695
1825, 38, shfl_nested, 115, 350,1695,9501,1695
1826, 38, shfl_nested, 115, 350,1695,9501,1695
1827, 38, shfl_nested, 115, 350,1695,9501,1695
1828, 38, shfl_nested, 115, 350,1695,9501,1695
1829, 38, shfl_nested, 115, 350,1695,9501,1695
1830, 38, shfl_nested, 115, 350,1695,9501,1695
1831, 38, shfl_nested, 115, 350,1695,9501,1695
1832, 38, shfl_nested, 115, 350,1695,9501,1695
1833, 38, shfl_nested, 115, 350,1695,9501,1695
1834, 38, shfl_nested, 115, 350,1695,9501,1695
1835, 38, shfl_nested, 115, 350,1695,9501,1695
1836, 38, shfl_nested, 115, 350,1695,9501,1695
1837, 38, shfl_nested, 115, 350,1695,9501,1695
1838, 38, shfl_nested, 115, 350,1695,9501,1695
1839, 38, shfl_nested, 115, 350,1695,9501,1695
1840, 38, shfl_nested, 115, 350,1695,9501,1695
1841, 38, shfl_nested, 115, 350,1695,9501,1695
1842, 38, shfl_nested, 115, 350,1695,9501,1695
1843, 38, shfl_nested, 115, 350,1695,9501,1695
1844, 38, shfl_nested, 115, 350,1695,9501,1695
1845, 38, shfl_nested, 115, 350,1695,9501,1695
1846, 38, shfl_nested, 115, 350,1695,9501,1695
1847, 38, shfl_nested, 115, 350,1695,9501,1695
1848, 38, shfl_nested, 115, 350,1695,9501,1695
1849, 38, shfl_nested, 115, 350,1695,9501,1695
1850, 38, shfl_nested, 115, 350,1695,9501,1695
1851, 38, shfl_nested, 115, 350,1695,9501,1695
1852, 38, shfl_nested, 115, 350,1695,9501,1695
1853, 38, shfl_nested, 115, 350,1695,9501,1695
1854, 38, shfl_nested, 115, 350,1695,9501,1695
1855, 38, shfl_nested, 115, 350,1695,9501,1695
1856, 38, shfl_nested, 115, 350,1695,9501,1695
1857, 38, shfl_nested, 115, 350,1695,9501,1695
1858, 38, shfl_nested, 115, 350,1695,9501,1695
1859, 38, shfl_nested, 115, 350,1695,9501,1695
1860, 38, shfl_nested, 115, 350,1695,9501,1695
1861, 38, shfl_nested, 115, 350,1695,9501,1695
1862, 38, shfl_nested, 115, 350,1695,9501,1695
1863, 38, shfl_nested, 115, 350,1695,9501,1695
1864, 38, shfl_nested, 115, 350,1695,9501,1695
1865, 38, shfl_nested, 115, 350,1695,9501,1695
1866, 38, shfl_nested, 115, 350,1695,9501,1695
1867, 38, shfl_nested, 115, 350,1695,9501,1695
1868, 38, shfl_nested, 115, 350,1695,9501,1695
1869, 38, shfl_nested, 115, 350,1695,9501,1695
1870, 38, shfl_nested, 115, 350,1695,9501,1695
1871, 38, shfl_nested, 115, 350,1695,9501,1695
1872, 38, shfl_nested, 115, 350,1695,9501,1695
1873, 38, shfl_nested, 115, 350,1695,9501,1695
1874, 38, shfl_nested, 115, 350,1695,9501,1695
1875, 38, shfl_nested, 115, 350,1695,9501,1695
1876, 38, shfl_nested, 115, 350,1695,9501,1695
1877, 38, shfl_nested, 115, 350,1695,9501,1695
1878, 38, shfl_nested, 115, 350,1695,9501,1695
1879, 38, shfl_nested, 115, 350,1695,9501,1695
1880, 38, shfl_nested, 115, 350,1695,9501,1695
1881, 38, shfl_nested, 115, 350,1695,9501,1695
1882, 38, shfl_nested, 115, 350,1695,9501,1695
1883, 38, shfl_nested, 115, 350,1695,9501,1695
1884, 38, shfl_nested, 115, 350,1695,9501,1695
1885, 38, shfl_nested, 115, 350,1695,9501,1695
1886, 38, shfl_nested, 115, 350,1695,9501,1695
1887, 38, shfl_nested, 115, 350,1695,9501,1695
1888, 38, shfl_nested, 115, 350,1695,9501,1695
1889, 38, shfl_nested, 115, 350,1695,9501,1695
1890, 38, shfl_nested, 115, 350,1695,9501,1695
1891, 38, shfl_nested, 115, 350,1695,9501,1695
1892, 38, shfl_nested, 115, 350,1695,9501,1695
1893, 38, shfl_nested, 115, 350,1695,9501,1695
1894, 38, shfl_nested, 115, 350,1695,9501,1695
1895, 38, shfl_nested, 115, 350,1695,9501,1695
1896, 38, shfl_nested, 115, 350,1695,9501,1695
1897, 38, shfl_nested, 115, 350,1695,9501,1695
1898, 38, shfl_nested, 115, 350,1695,9501,1695
1899, 38, shfl_nested, 115, 350,1695,9501,1695
1900, 38, shfl_nested, 115, 350,1695,9501,1695
1901, 38, shfl_nested, 115, 350,1695,9501,1695
1902, 38, shfl_nested, 115, 350,1695,9501,1695
1903, 38, shfl_nested, 115, 350,1695,9501,1695
1904, 38, shfl_nested, 115, 350,1695,9501,1695
1905, 38, shfl_nested, 115, 350,1695,9501,1695
1906, 38, shfl_nested, 115, 350,1695,9501,1695
1907, 38, shfl_nested, 115, 350,1695,9501,1695
1908, 38, shfl_nested, 115, 350,1695,9501,1695
1909, 38, shfl_nested, 115, 350,1695,9501,1695
1910, 38, shfl_nested, 115, 350,1695,9501,1695
1911, 38, shfl_nested, 115, 350,1695,9501,1695
1912, 38, shfl_nested, 115, 350,1695,9501,1695
1913, 38, shfl_nested, 115, 350,1695,9501,1695
1914, 38, shfl_nested, 115, 350,1695,9501,1695
1915, 38, shfl_nested, 115, 350,1695,9501,1695
1916, 38, shfl_nested, 115, 350,1695,9501,1695
1917, 38, shfl_nested, 115, 350,1695,9501,1695
1918, 38, shfl_nested, 115, 350,1695,9501,1695
1919, 38, shfl_nested, 115, 350,1695,9501,1695
1920, 38, shfl_nested, 115, 350,1695,9501,1695
1921, 38, shfl_nested, 115, 350,1695,9501,1695
1922, 38, shfl_nested, 115, 350,1695,9501,1695
1923, 38, shfl_nested, 115, 350,1695,9501,1695
1924, 38, shfl_nested, 115, 350,1695,9501,1695
1925, 38, shfl_nested, 115, 350,1695,9501,1695
1926, 38, shfl_nested, 115, 350,1695,9501,1695
1927, 38, shfl_nested, 115, 350,1695,9501,1695
1928, 38, shfl_nested, 115, 350,1695,9501,1695
1929, 38, shfl_nested, 115, 350,1695,9501,1695
1930, 38, shfl_nested, 115, 350,1695,9501,1695
1931, 38, shfl_nested, 115, 350,1695,9501,1695
1932, 38, shfl_nested, 115, 350,1695,9501,1695
1933, 38, shfl_nested, 115, 350,1695,9501,1695
1934, 38, shfl_nested, 115, 350,1695,9501,1695
1935, 38, shfl_nested, 115, 350,1695,9501,1695
1936, 38, shfl_nested, 115, 350,1695,9501,1695
1937, 38, shfl_nested, 115, 350,1695,9501,1695
1938, 38, shfl_nested, 115, 350,1695,9501,1695
1939, 38, shfl_nested, 115, 350,1695,9501,1695
1940, 38, shfl_nested, 115, 350,1695,9501,1695
1941, 38, shfl_nested, 115, 350,1695,9501,1695
1942, 38, shfl_nested, 115, 350,1695,9501,1695
1943, 38, shfl_nested, 115, 350,1695,9501,1695
1944, 38, shfl_nested, 115, 350,1695,9501,1695
1945, 38, shfl_nested, 115, 350,1695,9501,1695
1946, 38, shfl_nested, 115, 350,1695,9501,1695
1947, 38, shfl_nested, 115, 350,1695,9501,1695
1948, 38, shfl_nested, 115, 350,1695,9501,1695
1949, 38, shfl_nested, 115, 350,1695,9501,1695
1950, 38, shfl_nested, 115, 350,1695,9501,1695
1951, 38, shfl_nested, 115, 350,1695,9501,1695
