timestamp, temperature_gpu, power_draw_w, power_limit_w, memory_used_mib, memory_free_mib
1641487019201341642, 37, 107, 350, 297, 25149
1641487019203644786, 37, 107, 350, 297, 25149
1641487019205478138, 37, 107, 350, 297, 25149
1641487019207319206, 37, 107, 350, 297, 25149
1641487019209208618, 37, 107, 350, 297, 25149
1641487019211076105, 37, 107, 350, 297, 25149
1641487019212989168, 37, 107, 350, 297, 25149
1641487019214889314, 37, 107, 350, 297, 25149
1641487019216751139, 37, 107, 350, 297, 25149
1641487019218602545, 37, 107, 350, 297, 25149
1641487019220453690, 37, 107, 350, 297, 25149
1641487019222299654, 37, 107, 350, 297, 25149
1641487019224199100, 37, 107, 350, 297, 25149
1641487019226106467, 37, 107, 350, 297, 25149
1641487019228020437, 37, 107, 350, 297, 25149
1641487019229893986, 37, 107, 350, 297, 25149
1641487019231736345, 37, 107, 350, 297, 25149
1641487019233565402, 37, 107, 350, 297, 25149
1641487019235403537, 37, 107, 350, 297, 25149
1641487019237293037, 37, 107, 350, 297, 25149
1641487019239182799, 37, 107, 350, 297, 25149
1641487019241073398, 37, 107, 350, 297, 25149
1641487019242974851, 37, 107, 350, 297, 25149
1641487019244864761, 37, 107, 350, 297, 25149
1641487019246702572, 37, 107, 350, 297, 25149
1641487019248533010, 37, 107, 350, 297, 25149
1641487019250360508, 37, 107, 350, 297, 25149
1641487019252263355, 37, 107, 350, 297, 25149
1641487019254154580, 37, 107, 350, 297, 25149
1641487019256069120, 37, 107, 350, 297, 25149
1641487019257870924, 37, 107, 350, 297, 25149
1641487019259676902, 37, 107, 350, 297, 25149
1641487019261516660, 37, 107, 350, 297, 25149
1641487019263363302, 37, 107, 350, 297, 25149
1641487019265255882, 37, 107, 350, 297, 25149
1641487019267073109, 37, 107, 350, 297, 25149
1641487019268925587, 37, 107, 350, 297, 25149
1641487019270767223, 37, 107, 350, 297, 25149
1641487019272597071, 37, 107, 350, 297, 25149
1641487019274425266, 37, 107, 350, 297, 25149
1641487019276299018, 37, 107, 350, 297, 25149
1641487019278101458, 37, 107, 350, 297, 25149
1641487019279952084, 37, 107, 350, 297, 25149
1641487019281842503, 37, 107, 350, 297, 25149
1641487019283680251, 37, 107, 350, 297, 25149
1641487019285499103, 37, 107, 350, 297, 25149
1641487019287387462, 37, 107, 350, 297, 25149
1641487019289227010, 37, 107, 350, 297, 25149
1641487019291081271, 37, 107, 350, 297, 25149
1641487019292975914, 37, 107, 350, 297, 25149
1641487019294864301, 37, 107, 350, 297, 25149
1641487019296719652, 37, 107, 350, 297, 25149
1641487019298529710, 37, 107, 350, 297, 25149
1641487019300353538, 37, 107, 350, 297, 25149
1641487019302219873, 37, 107, 350, 297, 25149
1641487019304119093, 37, 107, 350, 297, 25149
1641487019306003042, 37, 107, 350, 297, 25149
1641487019307823761, 37, 107, 350, 297, 25149
1641487019309658339, 37, 107, 350, 297, 25149
1641487019311476026, 37, 107, 350, 297, 25149
1641487019313341289, 37, 107, 350, 297, 25149
1641487019315226088, 37, 107, 350, 297, 25149
1641487019317086736, 37, 107, 350, 297, 25149
1641487019318970375, 37, 107, 350, 297, 25149
1641487019320803250, 37, 107, 350, 297, 25149
1641487019322619758, 37, 107, 350, 297, 25149
1641487019324425112, 37, 107, 350, 297, 25149
1641487019326291354, 37, 107, 350, 297, 25149
1641487019328183363, 37, 107, 350, 297, 25149
1641487019330048669, 37, 107, 350, 297, 25149
1641487019331949329, 37, 107, 350, 297, 25149
1641487019333831448, 37, 107, 350, 297, 25149
1641487019335633565, 37, 107, 350, 297, 25149
1641487019337459664, 37, 107, 350, 297, 25149
1641487019339279757, 37, 107, 350, 297, 25149
1641487019341123306, 37, 107, 350, 297, 25149
1641487019343011963, 37, 107, 350, 297, 25149
1641487019344888744, 37, 107, 350, 297, 25149
1641487019346758473, 37, 107, 350, 297, 25149
1641487019348583798, 37, 107, 350, 297, 25149
1641487019350451614, 37, 107, 350, 297, 25149
1641487019352282835, 37, 107, 350, 297, 25149
1641487019354124000, 37, 107, 350, 297, 25149
1641487019355908863, 37, 107, 350, 297, 25149
1641487019357707521, 37, 107, 350, 297, 25149
1641487019359511962, 37, 107, 350, 297, 25149
1641487019361345946, 37, 107, 350, 297, 25149
1641487019363226892, 37, 107, 350, 297, 25149
1641487019365106381, 37, 107, 350, 297, 25149
1641487019366984191, 37, 107, 350, 297, 25149
1641487019368851253, 37, 107, 350, 297, 25149
1641487019370660707, 37, 107, 350, 297, 25149
1641487019372454211, 37, 107, 350, 297, 25149
1641487019374311384, 37, 107, 350, 297, 25149
1641487019376189016, 37, 107, 350, 297, 25149
1641487019377904701, 37, 107, 350, 297, 25149
1641487019379716685, 37, 107, 350, 297, 25149
1641487019381517994, 37, 107, 350, 297, 25149
1641487019383322108, 37, 107, 350, 297, 25149
1641487019385159959, 37, 107, 350, 297, 25149
1641487019387036042, 37, 107, 350, 297, 25149
1641487019388915294, 37, 107, 350, 297, 25149
1641487019390737205, 37, 107, 350, 297, 25149
1641487019392549129, 37, 107, 350, 297, 25149
1641487019394375884, 37, 107, 350, 297, 25149
1641487019396235006, 37, 107, 350, 297, 25149
1641487019398127562, 37, 107, 350, 297, 25149
1641487019399909259, 37, 107, 350, 297, 25149
1641487019401722057, 37, 107, 350, 297, 25149
1641487019403537401, 37, 107, 350, 297, 25149
1641487019405344861, 37, 107, 350, 297, 25149
1641487019407225255, 37, 107, 350, 297, 25149
1641487019409091474, 37, 107, 350, 297, 25149
1641487019410873511, 37, 107, 350, 297, 25149
1641487019412704425, 37, 107, 350, 297, 25149
1641487019414501403, 37, 107, 350, 297, 25149
1641487019416363608, 37, 107, 350, 297, 25149
1641487019418224853, 37, 107, 350, 297, 25149
1641487019420105373, 37, 107, 350, 297, 25149
1641487019421974905, 37, 107, 350, 297, 25149
1641487019423847341, 37, 107, 350, 297, 25149
1641487019425656594, 37, 107, 350, 297, 25149
1641487019427470556, 37, 107, 350, 297, 25149
1641487019429315734, 37, 107, 350, 297, 25149
1641487019431186462, 37, 107, 350, 297, 25149
1641487019433064089, 37, 107, 350, 297, 25149
1641487019434892890, 37, 107, 350, 297, 25149
1641487019436697644, 37, 107, 350, 297, 25149
1641487019438516339, 37, 107, 350, 297, 25149
1641487019440370184, 37, 107, 350, 297, 25149
1641487019442252289, 37, 107, 350, 297, 25149
1641487019444120156, 37, 107, 350, 297, 25149
1641487019445998751, 37, 107, 350, 297, 25149
1641487019447858307, 37, 107, 350, 297, 25149
1641487019449668198, 37, 107, 350, 297, 25149
1641487019451467035, 37, 107, 350, 297, 25149
1641487019453275506, 37, 107, 350, 297, 25149
1641487019455152728, 37, 107, 350, 297, 25149
1641487019456982017, 37, 107, 350, 297, 25149
1641487019458801804, 37, 107, 350, 297, 25149
1641487019460568001, 37, 107, 350, 297, 25149
1641487019462427059, 37, 107, 350, 297, 25149
1641487019464317022, 37, 107, 350, 297, 25149
1641487019466183528, 37, 107, 350, 297, 25149
1641487019467978341, 37, 107, 350, 297, 25149
1641487019469842773, 37, 107, 350, 297, 25149
1641487019471657961, 37, 107, 350, 297, 25149
1641487019473463246, 37, 107, 350, 297, 25149
1641487019475264943, 37, 107, 350, 297, 25149
1641487019477139372, 37, 107, 350, 297, 25149
1641487019478916515, 37, 107, 350, 297, 25149
1641487019480731577, 37, 107, 350, 297, 25149
1641487019482530111, 37, 107, 350, 297, 25149
1641487019484353362, 37, 107, 350, 297, 25149
1641487019486209371, 37, 107, 350, 297, 25149
1641487019488094964, 37, 107, 350, 297, 25149
1641487019489890861, 37, 107, 350, 297, 25149
1641487019491707945, 37, 107, 350, 297, 25149
1641487019493504679, 37, 107, 350, 297, 25149
1641487019495350247, 37, 107, 350, 297, 25149
1641487019497221603, 37, 107, 350, 297, 25149
1641487019499068748, 37, 107, 350, 297, 25149
1641487019500900540, 37, 107, 350, 297, 25149
1641487019502707721, 37, 107, 350, 297, 25149
1641487019504500924, 37, 107, 350, 297, 25149
1641487019506362887, 37, 107, 350, 297, 25149
1641487019508228395, 37, 107, 350, 297, 25149
1641487019509992866, 37, 107, 350, 297, 25149
1641487019511864397, 37, 107, 350, 297, 25149
1641487019513672958, 37, 107, 350, 297, 25149
1641487019515477377, 37, 107, 350, 297, 25149
1641487019517324187, 37, 107, 350, 297, 25149
1641487019519198953, 37, 107, 350, 297, 25149
1641487019520971813, 37, 107, 350, 297, 25149
1641487019522851183, 37, 107, 350, 297, 25149
1641487019524656013, 37, 107, 350, 297, 25149
1641487019526458355, 37, 107, 350, 297, 25149
1641487019528308007, 37, 107, 350, 297, 25149
1641487019530161958, 37, 107, 350, 297, 25149
1641487019532051081, 37, 107, 350, 297, 25149
1641487019533913766, 37, 107, 350, 297, 25149
1641487019535768059, 37, 107, 350, 297, 25149
1641487019537545869, 37, 107, 350, 297, 25149
1641487019539370800, 37, 107, 350, 297, 25149
1641487019541207308, 37, 107, 350, 297, 25149
1641487019543077563, 37, 107, 350, 297, 25149
1641487019544949846, 37, 107, 350, 297, 25149
1641487019546767883, 37, 107, 350, 297, 25149
1641487019548550510, 37, 107, 350, 297, 25149
1641487019550397653, 37, 107, 350, 297, 25149
1641487019552253571, 37, 107, 350, 297, 25149
1641487019554127470, 37, 107, 350, 297, 25149
1641487019555955895, 37, 107, 350, 297, 25149
1641487019557763759, 37, 107, 350, 297, 25149
1641487019559541189, 37, 107, 350, 297, 25149
1641487019561347004, 37, 107, 350, 297, 25149
1641487019563226246, 37, 107, 350, 297, 25149
1641487019565097905, 37, 107, 350, 297, 25149
1641487019566862249, 37, 107, 350, 297, 25149
1641487019568659233, 37, 107, 350, 297, 25149
1641487019570462273, 37, 107, 350, 297, 25149
1641487019572301282, 37, 107, 350, 297, 25149
1641487019574164184, 37, 107, 350, 297, 25149
1641487019575963947, 37, 107, 350, 297, 25149
1641487019577780826, 37, 107, 350, 297, 25149
1641487019579582933, 37, 107, 350, 297, 25149
1641487019581390647, 37, 107, 350, 297, 25149
1641487019583245709, 37, 107, 350, 297, 25149
1641487019585006719, 37, 107, 350, 297, 25149
1641487019586852564, 37, 107, 350, 297, 25149
1641487019588639455, 37, 107, 350, 297, 25149
1641487019590453389, 37, 107, 350, 297, 25149
1641487019592289788, 37, 107, 350, 297, 25149
1641487019594097779, 37, 107, 350, 297, 25149
1641487019595963567, 37, 107, 350, 297, 25149
1641487019597813653, 37, 107, 350, 297, 25149
1641487019599610686, 37, 107, 350, 297, 25149
1641487019601422451, 37, 107, 350, 297, 25149
1641487019603276429, 37, 107, 350, 297, 25149
1641487019605134585, 37, 107, 350, 297, 25149
1641487019607008200, 37, 107, 350, 297, 25149
1641487019608797748, 37, 107, 350, 297, 25149
1641487019610618062, 37, 107, 350, 297, 25149
1641487019612402499, 37, 107, 350, 297, 25149
1641487019614206916, 37, 107, 350, 297, 25149
1641487019615985476, 37, 107, 350, 297, 25149
1641487019617802362, 37, 107, 350, 297, 25149
1641487019619609569, 37, 107, 350, 297, 25149
1641487019621451567, 37, 107, 350, 297, 25149
1641487019623270035, 37, 107, 350, 297, 25149
1641487019625134544, 37, 107, 350, 297, 25149
1641487019626992100, 37, 107, 350, 297, 25149
1641487019628786383, 37, 107, 350, 297, 25149
1641487019630578311, 37, 107, 350, 297, 25149
1641487019632369177, 37, 107, 350, 297, 25149
1641487019634221093, 37, 107, 350, 297, 25149
1641487019636083144, 37, 107, 350, 297, 25149
1641487019637945174, 37, 107, 350, 297, 25149
1641487019639757381, 37, 107, 350, 297, 25149
1641487019641544955, 37, 107, 350, 297, 25149
1641487019643333749, 37, 107, 350, 297, 25149
1641487019645160524, 37, 107, 350, 297, 25149
1641487019647018953, 37, 107, 350, 297, 25149
1641487019648801360, 37, 107, 350, 297, 25149
1641487019650599477, 37, 107, 350, 297, 25149
1641487019652398377, 37, 107, 350, 297, 25149
1641487019654244083, 37, 107, 350, 297, 25149
1641487019656102454, 37, 107, 350, 297, 25149
1641487019657904196, 37, 107, 350, 297, 25149
1641487019659709936, 37, 107, 350, 297, 25149
1641487019661509117, 37, 107, 350, 297, 25149
1641487019663333645, 37, 107, 350, 297, 25149
1641487019665112882, 37, 107, 350, 297, 25149
1641487019666846981, 37, 107, 350, 297, 25149
1641487019668569751, 37, 107, 350, 297, 25149
1641487019670333154, 37, 107, 350, 297, 25149
1641487019672112875, 37, 107, 350, 297, 25149
1641487019673848291, 37, 107, 350, 297, 25149
1641487019675528165, 37, 107, 350, 297, 25149
1641487019677310602, 37, 107, 350, 297, 25149
1641487019679090400, 37, 107, 350, 297, 25149
1641487019680825396, 37, 107, 350, 297, 25149
1641487019682507561, 37, 107, 350, 297, 25149
1641487019684252721, 37, 107, 350, 297, 25149
1641487019686032717, 37, 107, 350, 297, 25149
1641487019687720569, 37, 107, 350, 297, 25149
1641487019689503683, 37, 107, 350, 297, 25149
1641487019691344211, 37, 107, 350, 297, 25149
1641487019693124972, 37, 107, 350, 297, 25149
1641487019694860734, 37, 107, 350, 297, 25149
1641487019696535306, 37, 107, 350, 297, 25149
1641487019698280419, 37, 107, 350, 297, 25149
1641487019700059866, 37, 107, 350, 297, 25149
1641487019701794672, 37, 107, 350, 297, 25149
1641487019703542778, 37, 107, 350, 297, 25149
1641487019705385257, 37, 107, 350, 297, 25149
1641487019707158420, 37, 107, 350, 297, 25149
1641487019708897133, 37, 107, 350, 297, 25149
1641487019710621232, 37, 107, 350, 297, 25149
1641487019712429896, 37, 107, 350, 297, 25149
1641487019714202180, 37, 107, 350, 297, 25149
1641487019715938776, 37, 107, 350, 297, 25149
1641487019717671068, 37, 107, 350, 297, 25149
1641487019719425529, 37, 107, 350, 297, 25149
1641487019721195219, 37, 107, 350, 297, 25149
1641487019722878460, 37, 107, 350, 297, 25149
1641487019724555132, 37, 107, 350, 297, 25149
1641487019726333779, 37, 107, 350, 297, 25149
1641487019728074165, 37, 107, 350, 297, 25149
1641487019729810354, 37, 107, 350, 297, 25149
1641487019731555128, 37, 107, 350, 297, 25149
1641487019733351115, 37, 107, 350, 297, 25149
1641487019735131375, 37, 107, 350, 297, 25149
1641487019736874354, 37, 107, 350, 297, 25149
1641487019738603588, 37, 107, 350, 297, 25149
1641487019740348924, 37, 107, 350, 297, 25149
1641487019742132861, 37, 107, 350, 297, 25149
1641487019743818893, 37, 107, 350, 297, 25149
1641487019745573909, 37, 107, 350, 297, 25149
1641487019747372113, 37, 107, 350, 297, 25149
1641487019749126357, 37, 107, 350, 297, 25149
1641487019750862845, 37, 107, 350, 297, 25149
1641487019752587598, 37, 107, 350, 297, 25149
1641487019754339012, 37, 107, 350, 297, 25149
1641487019756078951, 37, 107, 350, 297, 25149
1641487019757753236, 37, 107, 350, 297, 25149
1641487019759509029, 37, 107, 350, 297, 25149
1641487019761351194, 37, 107, 350, 297, 25149
1641487019763084741, 37, 107, 350, 297, 25149
1641487019764820913, 37, 107, 350, 297, 25149
1641487019766500445, 37, 107, 350, 297, 25149
1641487019768300362, 37, 107, 350, 297, 25149
1641487019770046158, 37, 107, 350, 297, 25149
1641487019771734070, 37, 107, 350, 297, 25149
1641487019773484749, 37, 107, 350, 297, 25149
1641487019775325292, 37, 107, 350, 297, 25149
1641487019777108689, 37, 107, 350, 297, 25149
1641487019778792917, 37, 107, 350, 297, 25149
1641487019780545510, 37, 107, 350, 297, 25149
1641487019782368817, 37, 107, 350, 297, 25149
1641487019784141995, 37, 107, 350, 297, 25149
1641487019785675976, 37, 107, 350, 297, 25149
1641487019787409319, 37, 107, 350, 297, 25149
1641487019789196556, 37, 107, 350, 297, 25149
1641487019790934013, 37, 107, 350, 297, 25149
1641487019792620285, 37, 107, 350, 297, 25149
1641487019794364708, 37, 107, 350, 297, 25149
1641487019796097330, 37, 107, 350, 297, 25149
1641487019797836687, 37, 107, 350, 297, 25149
1641487019799559472, 37, 107, 350, 297, 25149
1641487019801308762, 37, 107, 350, 297, 25149
1641487019803090762, 37, 107, 350, 297, 25149
1641487019804777774, 37, 107, 350, 297, 25149
1641487019806527351, 37, 107, 350, 297, 25149
1641487019808297104, 37, 107, 350, 297, 25149
1641487019810070458, 37, 107, 350, 297, 25149
1641487019811806576, 37, 107, 350, 297, 25149
1641487019813533929, 37, 107, 350, 297, 25149
1641487019815374721, 37, 107, 350, 297, 25149
1641487019817057436, 37, 107, 350, 297, 25149
1641487019818746661, 37, 107, 350, 297, 25149
1641487019820501528, 37, 107, 350, 297, 25149
1641487019822344996, 37, 107, 350, 297, 25149
1641487019824127940, 37, 107, 350, 297, 25149
1641487019825814191, 37, 107, 350, 297, 25149
1641487019827573151, 37, 107, 350, 297, 25149
1641487019829423887, 37, 107, 350, 297, 25149
1641487019831196094, 37, 107, 350, 297, 25149
1641487019832881475, 37, 107, 350, 297, 25149
1641487019834560047, 37, 107, 350, 297, 25149
1641487019836318347, 37, 107, 350, 297, 25149
1641487019838099440, 37, 107, 350, 297, 25149
1641487019839838457, 37, 107, 350, 297, 25149
1641487019841523339, 37, 107, 350, 297, 25149
1641487019843289972, 37, 107, 350, 297, 25149
1641487019845031272, 37, 107, 350, 297, 25149
1641487019846720657, 37, 107, 350, 297, 25149
1641487019848478603, 37, 107, 350, 297, 25149
1641487019850271410, 37, 107, 350, 297, 25149
1641487019852053828, 37, 107, 350, 297, 25149
1641487019853790166, 37, 107, 350, 297, 25149
1641487019855543477, 37, 107, 350, 297, 25149
1641487019857374502, 37, 107, 350, 297, 25149
1641487019859153989, 37, 107, 350, 297, 25149
1641487019860891208, 37, 107, 350, 297, 25149
1641487019862616133, 37, 107, 350, 297, 25149
1641487019864426705, 37, 107, 350, 297, 25149
1641487019866171525, 37, 107, 350, 297, 25149
1641487019867838799, 37, 107, 350, 297, 25149
1641487019869515217, 37, 107, 350, 297, 25149
1641487019871305655, 37, 107, 350, 297, 25149
1641487019873013047, 37, 107, 350, 297, 25149
1641487019874696959, 37, 107, 350, 297, 25149
1641487019876450798, 37, 107, 350, 297, 25149
1641487019878168580, 37, 107, 350, 297, 25149
1641487019879912697, 37, 107, 350, 297, 25149
1641487019881638272, 37, 107, 350, 297, 25149
1641487019883396036, 37, 107, 350, 297, 25149
1641487019885171123, 37, 107, 350, 297, 25149
1641487019886855748, 37, 107, 350, 297, 25149
1641487019888534870, 37, 107, 350, 297, 25149
1641487019890327790, 37, 107, 350, 297, 25149
1641487019892109994, 37, 107, 350, 297, 25149
1641487019893795879, 37, 107, 350, 297, 25149
1641487019895546879, 37, 107, 350, 297, 25149
1641487019897333119, 37, 107, 350, 297, 25149
1641487019899115456, 37, 107, 350, 297, 25149
1641487019900851286, 37, 107, 350, 297, 25149
1641487019902575398, 37, 107, 350, 297, 25149
1641487019904379673, 37, 107, 350, 297, 25149
1641487019906058718, 37, 107, 350, 297, 25149
1641487019907741872, 37, 107, 350, 297, 25149
1641487019909496212, 37, 107, 350, 297, 25149
1641487019911285176, 37, 107, 350, 297, 25149
1641487019913067357, 37, 107, 350, 297, 25149
1641487019914803953, 37, 107, 350, 297, 25149
1641487019916537826, 37, 107, 350, 297, 25149
1641487019918379961, 37, 107, 350, 297, 25149
1641487019920155587, 37, 107, 350, 297, 25149
1641487019921839979, 37, 107, 350, 297, 25149
1641487019923518237, 37, 107, 350, 297, 25149
1641487019925258907, 37, 107, 350, 297, 25149
1641487019927019847, 37, 107, 350, 297, 25149
1641487019928756059, 37, 107, 350, 297, 25149
1641487019930491986, 37, 107, 350, 297, 25149
1641487019932271796, 37, 107, 350, 297, 25149
1641487019934027413, 37, 107, 350, 297, 25149
1641487019935766059, 37, 107, 350, 297, 25149
1641487019937517681, 37, 107, 350, 297, 25149
1641487019939294159, 37, 107, 350, 297, 25149
1641487019941138857, 37, 107, 350, 297, 25149
1641487019942983202, 37, 107, 350, 297, 25149
1641487019944778086, 37, 107, 350, 297, 25149
1641487019946564643, 37, 107, 350, 297, 25149
1641487019948354907, 37, 107, 350, 297, 25149
1641487019950198882, 37, 107, 350, 297, 25149
1641487019952076098, 37, 107, 350, 297, 25149
1641487019953938340, 37, 107, 350, 297, 25149
1641487019955797068, 37, 107, 350, 297, 25149
1641487019957586075, 37, 107, 350, 297, 25149
1641487019959429061, 37, 107, 350, 297, 25149
1641487019961282422, 37, 107, 350, 297, 25149
1641487019963056239, 37, 107, 350, 297, 25149
1641487019964919741, 37, 107, 350, 297, 25149
1641487019966726176, 37, 107, 350, 297, 25149
1641487019968530367, 37, 107, 350, 297, 25149
1641487019970323108, 37, 107, 350, 297, 25149
1641487019972141049, 37, 107, 350, 297, 25149
1641487019973997638, 37, 107, 350, 297, 25149
1641487019975806759, 37, 107, 350, 297, 25149
1641487019977614573, 37, 107, 350, 297, 25149
1641487019979387966, 37, 107, 350, 297, 25149
1641487019981238217, 37, 107, 350, 297, 25149
1641487019983011352, 37, 107, 350, 297, 25149
1641487019984810853, 37, 107, 350, 297, 25149
1641487019986594519, 37, 107, 350, 297, 25149
1641487019988451311, 37, 107, 350, 297, 25149
1641487019990301713, 37, 107, 350, 297, 25149
1641487019992154452, 37, 107, 350, 297, 25149
1641487019993938605, 37, 107, 350, 297, 25149
1641487019995742710, 37, 107, 350, 297, 25149
1641487019997534563, 37, 107, 350, 297, 25149
1641487019999371932, 37, 107, 350, 297, 25149
1641487020001212220, 37, 107, 350, 297, 25149
1641487020002978537, 37, 107, 350, 297, 25149
1641487020004765964, 37, 107, 350, 297, 25149
1641487020006539407, 37, 107, 350, 297, 25149
1641487020008373103, 37, 107, 350, 297, 25149
1641487020010213661, 37, 107, 350, 297, 25149
1641487020012050905, 37, 107, 350, 297, 25149
1641487020013852089, 37, 107, 350, 297, 25149
1641487020015640840, 37, 107, 350, 297, 25149
1641487020017455638, 37, 107, 350, 297, 25149
1641487020019287640, 37, 107, 350, 297, 25149
1641487020021120518, 37, 107, 350, 297, 25149
1641487020022964536, 37, 107, 350, 297, 25149
1641487020024808498, 37, 107, 350, 297, 25149
1641487020026620955, 37, 107, 350, 297, 25149
1641487020028428959, 37, 107, 350, 297, 25149
1641487020030259230, 37, 107, 350, 297, 25149
1641487020032116986, 37, 107, 350, 297, 25149
1641487020033908367, 37, 107, 350, 297, 25149
1641487020035717018, 37, 107, 350, 297, 25149
1641487020037492445, 37, 107, 350, 297, 25149
1641487020039318999, 37, 107, 350, 297, 25149
1641487020041179502, 37, 107, 350, 297, 25149
1641487020042973049, 37, 107, 350, 297, 25149
1641487020044763263, 37, 107, 350, 297, 25149
1641487020046546402, 37, 107, 350, 297, 25149
1641487020048350943, 37, 107, 350, 297, 25149
1641487020050155144, 37, 107, 350, 297, 25149
1641487020051930335, 37, 107, 350, 297, 25149
1641487020053735986, 37, 107, 350, 297, 25149
1641487020055519662, 37, 107, 350, 297, 25149
1641487020057315393, 37, 107, 350, 297, 25149
1641487020059127131, 37, 107, 350, 297, 25149
1641487020060939483, 37, 107, 350, 297, 25149
1641487020062712260, 37, 107, 350, 297, 25149
1641487020064489452, 37, 107, 350, 297, 25149
1641487020066316838, 37, 107, 350, 297, 25149
1641487020068165789, 37, 107, 350, 297, 25149
1641487020070017671, 37, 107, 350, 297, 25149
1641487020071860166, 37, 107, 350, 297, 25149
1641487020073647800, 37, 107, 350, 297, 25149
1641487020075449498, 37, 107, 350, 297, 25149
1641487020077232825, 37, 107, 350, 297, 25149
1641487020078986774, 37, 107, 350, 297, 25149
1641487020080788971, 37, 107, 350, 297, 25149
1641487020082555828, 37, 107, 350, 297, 25149
1641487020084379076, 37, 107, 350, 297, 25149
1641487020086209768, 37, 107, 350, 297, 25149
1641487020088019619, 37, 107, 350, 297, 25149
1641487020089804389, 37, 107, 350, 297, 25149
1641487020091578133, 37, 107, 350, 297, 25149
1641487020093370497, 37, 107, 350, 297, 25149
1641487020095203229, 37, 107, 350, 297, 25149
1641487020097056547, 37, 107, 350, 297, 25149
1641487020098810324, 37, 107, 350, 297, 25149
1641487020100603164, 37, 107, 350, 297, 25149
1641487020102380088, 37, 107, 350, 297, 25149
1641487020104216839, 37, 107, 350, 297, 25149
1641487020106063527, 37, 107, 350, 297, 25149
1641487020107871732, 37, 107, 350, 297, 25149
1641487020109659253, 37, 107, 350, 297, 25149
1641487020111455339, 37, 107, 350, 297, 25149
1641487020113300228, 37, 107, 350, 297, 25149
1641487020115146804, 37, 107, 350, 297, 25149
1641487020116922147, 37, 107, 350, 297, 25149
1641487020118718931, 37, 107, 350, 297, 25149
1641487020120504454, 37, 107, 350, 297, 25149
1641487020122302676, 37, 107, 350, 297, 25149
1641487020124152760, 37, 107, 350, 297, 25149
1641487020126016679, 37, 107, 350, 297, 25149
1641487020127796633, 37, 107, 350, 297, 25149
1641487020129595807, 37, 107, 350, 297, 25149
1641487020131424128, 37, 107, 350, 297, 25149
1641487020133257727, 37, 107, 350, 297, 25149
1641487020135093345, 37, 107, 350, 297, 25149
1641487020136897336, 37, 107, 350, 297, 25149
1641487020138660573, 37, 107, 350, 297, 25149
1641487020140451676, 37, 107, 350, 297, 25149
1641487020142297378, 37, 107, 350, 297, 25149
1641487020144152330, 37, 107, 350, 297, 25149
1641487020146004752, 37, 107, 350, 297, 25149
1641487020147792835, 37, 107, 350, 297, 25149
1641487020149584259, 37, 107, 350, 297, 25149
1641487020151407427, 37, 107, 350, 297, 25149
1641487020153227592, 37, 107, 350, 297, 25149
1641487020155077361, 37, 107, 350, 297, 25149
1641487020156789669, 37, 107, 350, 297, 25149
1641487020158536286, 37, 107, 350, 297, 25149
1641487020160344567, 37, 107, 350, 297, 25149
1641487020162074816, 37, 107, 350, 297, 25149
1641487020163749134, 37, 107, 350, 297, 25149
1641487020165495820, 37, 107, 350, 297, 25149
1641487020167279077, 37, 107, 350, 297, 25149
1641487020169051658, 37, 107, 350, 297, 25149
1641487020170730322, 37, 107, 350, 297, 25149
1641487020172479020, 37, 107, 350, 297, 25149
1641487020174299661, 37, 107, 350, 297, 25149
1641487020175986886, 37, 107, 350, 297, 25149
1641487020177717228, 37, 107, 350, 297, 25149
1641487020179451120, 37, 107, 350, 297, 25149
1641487020181236138, 37, 107, 350, 297, 25149
1641487020183007528, 37, 107, 350, 297, 25149
1641487020184688304, 37, 107, 350, 297, 25149
1641487020186449613, 37, 107, 350, 297, 25149
1641487020188153556, 37, 107, 350, 297, 25149
1641487020189882991, 37, 107, 350, 297, 25149
1641487020191600191, 37, 107, 350, 297, 25149
1641487020193351740, 37, 107, 350, 297, 25149
1641487020195083043, 37, 107, 350, 297, 25149
1641487020196811106, 37, 107, 350, 297, 25149
1641487020198553432, 37, 107, 350, 297, 25149
1641487020200384359, 37, 107, 350, 297, 25149
1641487020202125046, 37, 107, 350, 297, 25149
1641487020203791480, 37, 107, 350, 297, 25149
1641487020205532163, 37, 107, 350, 297, 25149
1641487020207310761, 37, 107, 350, 297, 25149
1641487020209041217, 37, 107, 350, 297, 25149
1641487020210771892, 37, 107, 350, 297, 25149
1641487020212527619, 37, 107, 350, 297, 25149
1641487020214362034, 37, 107, 350, 297, 25149
1641487020216124514, 37, 107, 350, 297, 25149
1641487020217802458, 37, 107, 350, 297, 25149
1641487020219544815, 37, 107, 350, 297, 25149
1641487020221357006, 37, 107, 350, 297, 25149
1641487020223120752, 37, 107, 350, 297, 25149
1641487020224847939, 37, 107, 350, 297, 25149
1641487020226436465, 37, 107, 350, 297, 25149
1641487020228198382, 37, 107, 350, 297, 25149
1641487020229870487, 37, 107, 350, 297, 25149
1641487020231543858, 37, 107, 350, 297, 25149
1641487020233335885, 37, 107, 350, 297, 25149
1641487020235107765, 37, 107, 350, 297, 25149
1641487020236834904, 37, 107, 350, 297, 25149
1641487020238503233, 37, 107, 350, 297, 25149
1641487020240295767, 37, 107, 350, 297, 25149
1641487020242067450, 37, 107, 350, 297, 25149
1641487020243746598, 37, 107, 350, 297, 25149
1641487020245490648, 37, 107, 350, 297, 25149
1641487020247278145, 37, 107, 350, 297, 25149
1641487020248978290, 37, 107, 350, 297, 25149
1641487020250707613, 37, 107, 350, 297, 25149
1641487020252457189, 37, 107, 350, 297, 25149
1641487020254251417, 37, 107, 350, 297, 25149
1641487020255940352, 37, 107, 350, 297, 25149
1641487020257618514, 37, 107, 350, 297, 25149
1641487020259384413, 37, 107, 350, 297, 25149
1641487020261149584, 37, 107, 350, 297, 25149
1641487020262878630, 37, 107, 350, 297, 25149
1641487020264552191, 37, 107, 350, 297, 25149
1641487020266347259, 37, 107, 350, 297, 25149
1641487020268120422, 37, 107, 350, 297, 25149
1641487020269849981, 37, 107, 350, 297, 25149
1641487020271523730, 37, 107, 350, 297, 25149
1641487020273279083, 37, 107, 350, 297, 25149
1641487020275051259, 37, 107, 350, 297, 25149
1641487020276781682, 37, 107, 350, 297, 25149
1641487020278520301, 37, 107, 350, 297, 25149
1641487020280348987, 37, 107, 350, 297, 25149
1641487020282103426, 37, 107, 350, 297, 25149
1641487020283777058, 37, 107, 350, 297, 25149
1641487020285525320, 37, 107, 350, 297, 25149
1641487020287339245, 37, 107, 350, 297, 25149
1641487020289112659, 37, 107, 350, 297, 25149
1641487020290841248, 37, 107, 350, 297, 25149
1641487020292562177, 37, 107, 350, 297, 25149
1641487020294340158, 37, 107, 350, 297, 25149
1641487020296114561, 37, 107, 350, 297, 25149
1641487020297794290, 37, 107, 350, 297, 25149
1641487020299546149, 37, 107, 350, 297, 25149
1641487020301337946, 37, 107, 350, 297, 25149
1641487020303116043, 37, 107, 350, 297, 25149
1641487020304845863, 37, 107, 350, 297, 25149
1641487020306571568, 37, 107, 350, 297, 25149
1641487020308400290, 37, 107, 350, 297, 25149
1641487020310167886, 37, 107, 350, 297, 25149
1641487020311896169, 37, 107, 350, 297, 25149
1641487020313550543, 37, 107, 350, 297, 25149
1641487020315293866, 37, 107, 350, 297, 25149
1641487020317066356, 37, 107, 350, 297, 25149
1641487020318736439, 37, 107, 350, 297, 25149
1641487020320493914, 37, 107, 350, 297, 25149
1641487020322321713, 37, 107, 350, 297, 25149
1641487020324094599, 37, 107, 350, 297, 25149
1641487020325772134, 37, 107, 350, 297, 25149
1641487020327525851, 37, 107, 350, 297, 25149
1641487020329358002, 37, 107, 350, 297, 25149
1641487020331122826, 37, 107, 350, 297, 25149
1641487020332805250, 37, 107, 350, 297, 25149
1641487020334532077, 37, 107, 350, 297, 25149
1641487020336313947, 37, 107, 350, 297, 25149
1641487020338088731, 37, 107, 350, 297, 25149
1641487020339772755, 37, 107, 350, 297, 25149
1641487020341527532, 37, 107, 350, 297, 25149
1641487020343344417, 37, 107, 350, 297, 25149
1641487020345118844, 37, 107, 350, 297, 25149
1641487020346849123, 37, 107, 350, 297, 25149
1641487020348566076, 37, 107, 350, 297, 25149
1641487020350317375, 37, 107, 350, 297, 25149
1641487020352050068, 37, 107, 350, 297, 25149
1641487020353725773, 37, 107, 350, 297, 25149
1641487020355460642, 37, 107, 350, 297, 25149
1641487020357227863, 37, 107, 350, 297, 25149
1641487020359002083, 37, 107, 350, 297, 25149
1641487020360682300, 37, 107, 350, 297, 25149
1641487020362455371, 37, 107, 350, 297, 25149
1641487020364279996, 37, 107, 350, 297, 25149
1641487020366050572, 37, 107, 350, 297, 25149
1641487020367722660, 37, 107, 350, 297, 25149
1641487020369465946, 37, 107, 350, 297, 25149
1641487020371287618, 37, 107, 350, 297, 25149
1641487020372971639, 37, 107, 350, 297, 25149
1641487020374647297, 37, 107, 350, 297, 25149
1641487020376381944, 37, 107, 350, 297, 25149
1641487020378100770, 37, 107, 350, 297, 25149
1641487020379827045, 37, 107, 350, 297, 25149
1641487020381541674, 37, 107, 350, 297, 25149
1641487020383327839, 37, 107, 350, 297, 25149
1641487020385069068, 37, 107, 350, 297, 25149
1641487020386795308, 37, 107, 350, 297, 25149
1641487020388549353, 37, 107, 350, 297, 25149
1641487020390384491, 37, 107, 350, 297, 25149
1641487020392145355, 37, 107, 350, 297, 25149
1641487020393871104, 37, 107, 350, 297, 25149
1641487020395585457, 37, 107, 350, 297, 25149
1641487020397328759, 37, 107, 350, 297, 25149
1641487020399056003, 37, 107, 350, 297, 25149
1641487020400734930, 37, 107, 350, 297, 25149
1641487020402478304, 37, 107, 350, 297, 25149
1641487020404304482, 37, 107, 350, 297, 25149
1641487020406073645, 37, 107, 350, 297, 25149
1641487020407798671, 37, 107, 350, 297, 25149
1641487020409559900, 37, 107, 350, 297, 25149
1641487020411390582, 37, 107, 350, 297, 25149
1641487020413114634, 37, 107, 350, 297, 25149
1641487020414843531, 37, 107, 350, 297, 25149
1641487020416557040, 37, 107, 350, 297, 25149
1641487020418288969, 37, 107, 350, 297, 25149
1641487020420057589, 37, 107, 350, 297, 25149
1641487020421785255, 37, 107, 350, 297, 25149
1641487020423514725, 37, 107, 350, 297, 25149
1641487020425341532, 37, 107, 350, 297, 25149
1641487020427068578, 37, 107, 350, 297, 25149
1641487020428794801, 37, 107, 350, 297, 25149
1641487020430542437, 37, 107, 350, 297, 25149
1641487020432328878, 37, 107, 350, 297, 25149
1641487020434097875, 37, 107, 350, 297, 25149
1641487020435823660, 37, 107, 350, 297, 25149
1641487020437541880, 37, 107, 350, 297, 25149
1641487020439322769, 37, 107, 350, 297, 25149
1641487020441098624, 37, 107, 350, 297, 25149
1641487020442816392, 37, 107, 350, 297, 25149
1641487020444543455, 37, 107, 350, 297, 25149
1641487020446323698, 37, 107, 350, 297, 25149
1641487020448087972, 37, 107, 350, 297, 25149
1641487020449814578, 37, 107, 350, 297, 25149
1641487020451401621, 37, 107, 350, 297, 25149
1641487020453163438, 37, 107, 350, 297, 25149
1641487020454890731, 37, 107, 350, 297, 25149
1641487020456605966, 37, 107, 350, 297, 25149
1641487020458361182, 37, 107, 350, 297, 25149
1641487020460122263, 37, 107, 350, 297, 25149
1641487020461800148, 37, 107, 350, 297, 25149
1641487020463548861, 37, 108, 350, 297, 25149
1641487020465330537, 37, 108, 350, 297, 25149
1641487020467089244, 37, 108, 350, 297, 25149
1641487020468815940, 37, 108, 350, 297, 25149
1641487020470568770, 37, 108, 350, 297, 25149
1641487020472386347, 37, 108, 350, 297, 25149
1641487020474148134, 37, 108, 350, 297, 25149
1641487020475874411, 37, 108, 350, 297, 25149
1641487020477590580, 37, 108, 350, 297, 25149
1641487020479339038, 37, 108, 350, 297, 25149
1641487020481109673, 37, 108, 350, 297, 25149
1641487020482836504, 37, 108, 350, 297, 25149
1641487020484423002, 37, 108, 350, 297, 25149
1641487020486185225, 37, 108, 350, 297, 25149
1641487020487913324, 37, 108, 350, 297, 25149
1641487020489580212, 37, 108, 350, 297, 25149
1641487020491372553, 37, 108, 350, 297, 25149
1641487020493133962, 37, 108, 350, 297, 25149
1641487020494810554, 37, 108, 350, 297, 25149
1641487020496553934, 37, 108, 350, 297, 25149
1641487020498349271, 37, 108, 350, 297, 25149
1641487020500118315, 37, 108, 350, 297, 25149
1641487020501793036, 37, 108, 350, 297, 25149
1641487020503536969, 37, 108, 350, 297, 25149
1641487020505332753, 37, 108, 350, 297, 25149
1641487020507102377, 37, 108, 350, 297, 25149
1641487020508830496, 37, 108, 350, 297, 25149
1641487020510552741, 37, 108, 350, 297, 25149
1641487020512300171, 37, 108, 350, 297, 25149
1641487020514070058, 37, 108, 350, 297, 25149
1641487020515797717, 37, 108, 350, 297, 25149
1641487020517542924, 37, 108, 350, 297, 25149
1641487020519314814, 37, 108, 350, 297, 25149
1641487020521087221, 37, 108, 350, 297, 25149
1641487020522815353, 37, 108, 350, 297, 25149
1641487020524567336, 37, 108, 350, 297, 25149
1641487020526405281, 37, 108, 350, 297, 25149
1641487020528166478, 37, 108, 350, 297, 25149
1641487020529893091, 37, 108, 350, 297, 25149
1641487020531609103, 37, 108, 350, 297, 25149
1641487020533400913, 37, 108, 350, 297, 25149
1641487020535163530, 37, 108, 350, 297, 25149
1641487020536892703, 37, 108, 350, 297, 25149
1641487020538610979, 37, 108, 350, 297, 25149
1641487020540356831, 37, 108, 350, 297, 25149
1641487020542122135, 37, 108, 350, 297, 25149
1641487020543850671, 37, 108, 350, 297, 25149
1641487020545515982, 37, 108, 350, 297, 25149
1641487020547261759, 37, 108, 350, 297, 25149
1641487020549032586, 37, 108, 350, 297, 25149
1641487020550759484, 37, 108, 350, 297, 25149
1641487020552487360, 37, 108, 350, 297, 25149
1641487020554261991, 37, 108, 350, 297, 25149
1641487020556031571, 37, 108, 350, 297, 25149
1641487020557750893, 37, 108, 350, 297, 25149
1641487020559492293, 37, 108, 350, 297, 25149
1641487020561318261, 37, 108, 350, 297, 25149
1641487020563088638, 37, 108, 350, 297, 25149
1641487020564768786, 37, 108, 350, 297, 25149
1641487020566521743, 37, 108, 350, 297, 25149
1641487020568305087, 37, 108, 350, 297, 25149
1641487020569999412, 37, 108, 350, 297, 25149
1641487020571669723, 37, 108, 350, 297, 25149
1641487020573424592, 37, 108, 350, 297, 25149
1641487020575185899, 37, 108, 350, 297, 25149
1641487020576914246, 37, 108, 350, 297, 25149
1641487020578631741, 37, 108, 350, 297, 25149
1641487020580363861, 37, 108, 350, 297, 25149
1641487020582128050, 37, 108, 350, 297, 25149
1641487020583857563, 37, 108, 350, 297, 25149
1641487020585507591, 37, 108, 350, 297, 25149
1641487020587258390, 37, 108, 350, 297, 25149
1641487020589029127, 37, 108, 350, 297, 25149
1641487020590759026, 37, 108, 350, 297, 25149
1641487020592505992, 37, 108, 350, 297, 25149
1641487020594293650, 37, 108, 350, 297, 25149
1641487020596065974, 37, 108, 350, 297, 25149
1641487020597794920, 37, 108, 350, 297, 25149
1641487020599562789, 37, 108, 350, 297, 25149
1641487020601399884, 37, 108, 350, 297, 25149
1641487020603120804, 37, 108, 350, 297, 25149
1641487020604850267, 37, 108, 350, 297, 25149
1641487020606523058, 37, 108, 350, 297, 25149
1641487020608279794, 37, 108, 350, 297, 25149
1641487020610051984, 37, 108, 350, 297, 25149
1641487020611730153, 37, 108, 350, 297, 25149
1641487020613473785, 37, 108, 350, 297, 25149
1641487020615307840, 37, 108, 350, 297, 25149
1641487020616987232, 37, 108, 350, 297, 25149
1641487020618664454, 37, 108, 350, 297, 25149
1641487020620422581, 37, 108, 350, 297, 25149
1641487020622143633, 37, 108, 350, 297, 25149
1641487020623872459, 37, 108, 350, 297, 25149
1641487020625540787, 37, 108, 350, 297, 25149
1641487020627288463, 37, 108, 350, 297, 25149
1641487020629051143, 37, 108, 350, 297, 25149
1641487020630779409, 37, 108, 350, 297, 25149
1641487020632372166, 37, 108, 350, 297, 25149
1641487020634134643, 37, 108, 350, 297, 25149
1641487020635811034, 37, 108, 350, 297, 25149
1641487020637542043, 37, 108, 350, 297, 25149
1641487020639331797, 37, 108, 350, 297, 25149
1641487020641070676, 37, 108, 350, 297, 25149
1641487020642791679, 37, 108, 350, 297, 25149
1641487020644529101, 37, 108, 350, 297, 25149
1641487020646318166, 37, 108, 350, 297, 25149
1641487020648078113, 37, 108, 350, 297, 25149
1641487020649930188, 37, 108, 350, 297, 25149
1641487020651649590, 37, 108, 350, 297, 25149
1641487020653432380, 37, 108, 350, 297, 25149
1641487020655194054, 37, 108, 350, 297, 25149
1641487020656921496, 37, 108, 350, 297, 25149
1641487020658586530, 37, 108, 350, 297, 25149
1641487020660344507, 37, 108, 350, 297, 25149
1641487020662116604, 37, 108, 350, 297, 25149
1641487020663845417, 37, 108, 350, 297, 25149
1641487020665561412, 37, 108, 350, 297, 25149
1641487020667353199, 37, 108, 350, 297, 25149
1641487020669123327, 37, 108, 350, 297, 25149
1641487020670851296, 37, 108, 350, 297, 25149
1641487020672568262, 37, 108, 350, 297, 25149
1641487020674359225, 37, 108, 350, 297, 25149
1641487020676122222, 37, 108, 350, 297, 25149
1641487020677796813, 37, 108, 350, 297, 25149
1641487020679540950, 37, 108, 350, 297, 25149
1641487020681373035, 37, 108, 350, 297, 25149
1641487020683136331, 37, 108, 350, 297, 25149
1641487020684814037, 37, 108, 350, 297, 25149
1641487020686560503, 37, 108, 350, 297, 25149
1641487020688379880, 37, 108, 350, 297, 25149
1641487020690143571, 37, 108, 350, 297, 25149
1641487020691871960, 37, 108, 350, 297, 25149
1641487020693540247, 37, 108, 350, 297, 25149
1641487020695294411, 37, 108, 350, 297, 25149
1641487020697067315, 37, 108, 350, 297, 25149
1641487020698748163, 37, 108, 350, 297, 25149
1641487020700495749, 37, 108, 350, 297, 25149
1641487020702326747, 37, 108, 350, 297, 25149
1641487020704099264, 37, 108, 350, 297, 25149
1641487020705827144, 37, 108, 350, 297, 25149
1641487020707500111, 37, 108, 350, 297, 25149
1641487020709294216, 37, 108, 350, 297, 25149
1641487020711065676, 37, 108, 350, 297, 25149
1641487020712796979, 37, 108, 350, 297, 25149
1641487020714548141, 37, 108, 350, 297, 25149
1641487020716378126, 37, 108, 350, 297, 25149
1641487020718142469, 37, 108, 350, 297, 25149
1641487020719872219, 37, 108, 350, 297, 25149
1641487020721530963, 37, 108, 350, 297, 25149
1641487020723277030, 37, 108, 350, 297, 25149
1641487020725007633, 37, 108, 350, 297, 25149
1641487020726735848, 37, 108, 350, 297, 25149
1641487020728472678, 37, 108, 350, 297, 25149
1641487020730305992, 37, 108, 350, 297, 25149
1641487020732078852, 37, 108, 350, 297, 25149
1641487020733810245, 37, 108, 350, 297, 25149
1641487020735392425, 37, 108, 350, 297, 25149
1641487020737156668, 37, 108, 350, 297, 25149
1641487020738890264, 37, 108, 350, 297, 25149
1641487020740609183, 37, 108, 350, 297, 25149
1641487020742357637, 37, 108, 350, 297, 25149
1641487020744121440, 37, 108, 350, 297, 25149
1641487020745801061, 37, 108, 350, 297, 25149
1641487020747531341, 37, 108, 350, 297, 25149
1641487020749300121, 37, 108, 350, 297, 25149
1641487020751078948, 37, 108, 350, 297, 25149
1641487020752809221, 37, 108, 350, 297, 25149
1641487020754556480, 37, 108, 350, 297, 25149
1641487020756372515, 37, 108, 350, 297, 25149
1641487020758137352, 37, 108, 350, 297, 25149
1641487020759865901, 37, 108, 350, 297, 25149
1641487020761582794, 37, 108, 350, 297, 25149
1641487020763374617, 37, 108, 350, 297, 25149
1641487020765146394, 37, 108, 350, 297, 25149
1641487020766876244, 37, 108, 350, 297, 25149
1641487020768524461, 37, 108, 350, 297, 25149
1641487020770307318, 37, 108, 350, 297, 25149
1641487020772080052, 37, 108, 350, 297, 25149
1641487020773768806, 37, 108, 350, 297, 25149
1641487020775518843, 37, 108, 350, 297, 25149
1641487020777294793, 37, 108, 350, 297, 25149
1641487020779006725, 37, 108, 350, 297, 25149
1641487020780687597, 37, 108, 350, 297, 25149
1641487020782452277, 37, 108, 350, 297, 25149
1641487020784203293, 37, 108, 350, 297, 25149
1641487020785881375, 37, 108, 350, 297, 25149
1641487020787555554, 37, 108, 350, 297, 25149
1641487020789294123, 37, 108, 350, 297, 25149
1641487020791067070, 37, 108, 350, 297, 25149
1641487020792749305, 37, 108, 350, 297, 25149
1641487020794504494, 37, 108, 350, 297, 25149
1641487020796298908, 37, 108, 350, 297, 25149
1641487020798029401, 37, 108, 350, 297, 25149
1641487020799758348, 37, 108, 350, 297, 25149
1641487020801530335, 37, 108, 350, 297, 25149
1641487020803361918, 37, 108, 350, 297, 25149
1641487020805127453, 37, 108, 350, 297, 25149
1641487020806856531, 37, 108, 350, 297, 25149
1641487020808535124, 37, 108, 350, 297, 25149
1641487020810320940, 37, 108, 350, 297, 25149
1641487020812050027, 37, 108, 350, 297, 25149
1641487020813779442, 37, 108, 350, 297, 25149
1641487020815539969, 37, 108, 350, 297, 25149
1641487020817350213, 37, 108, 350, 297, 25149
1641487020819122743, 37, 108, 350, 297, 25149
1641487020820808299, 37, 108, 350, 297, 25149
1641487020822562748, 37, 108, 350, 297, 25149
1641487020824395859, 37, 108, 350, 297, 25149
1641487020826160266, 37, 108, 350, 297, 25149
1641487020827892669, 37, 108, 350, 297, 25149
1641487020829568344, 37, 108, 350, 297, 25149
1641487020831329038, 37, 108, 350, 297, 25149
1641487020833100327, 37, 108, 350, 297, 25149
1641487020834832300, 37, 108, 350, 297, 25149
1641487020836566956, 37, 108, 350, 297, 25149
1641487020838397021, 37, 108, 350, 297, 25149
1641487020840161858, 37, 108, 350, 297, 25149
1641487020841889924, 37, 108, 350, 297, 25149
1641487020843607143, 37, 108, 350, 297, 25149
1641487020845357296, 37, 108, 350, 297, 25149
1641487020847120816, 37, 108, 350, 297, 25149
1641487020848850442, 37, 108, 350, 297, 25149
1641487020850528464, 37, 108, 350, 297, 25149
1641487020852320001, 37, 108, 350, 297, 25149
1641487020854092551, 37, 108, 350, 297, 25149
1641487020855773016, 37, 108, 350, 297, 25149
1641487020857505148, 37, 108, 350, 297, 25149
1641487020859344876, 37, 108, 350, 297, 25149
1641487020861116607, 37, 108, 350, 297, 25149
1641487020862846043, 37, 108, 350, 297, 25149
1641487020864513104, 37, 108, 350, 297, 25149
1641487020866274491, 37, 108, 350, 297, 25149
1641487020868047581, 37, 108, 350, 297, 25149
1641487020869777133, 37, 108, 350, 297, 25149
1641487020871536571, 37, 108, 350, 297, 25149
1641487020873349778, 37, 108, 350, 297, 25149
1641487020875080250, 37, 108, 350, 297, 25149
1641487020876808264, 37, 108, 350, 297, 25149
1641487020878537379, 37, 108, 350, 297, 25149
1641487020880368914, 37, 108, 350, 297, 25149
1641487020882133594, 37, 108, 350, 297, 25149
1641487020883806046, 37, 108, 350, 297, 25149
1641487020885553801, 37, 108, 350, 297, 25149
1641487020887351922, 37, 108, 350, 297, 25149
1641487020889125403, 37, 108, 350, 297, 25149
1641487020890855905, 37, 108, 350, 297, 25149
1641487020892579995, 37, 108, 350, 297, 25149
1641487020894331697, 37, 108, 350, 297, 25149
1641487020896103998, 37, 108, 350, 297, 25149
1641487020897776847, 37, 108, 350, 297, 25149
1641487020899520359, 37, 108, 350, 297, 25149
1641487020901336133, 37, 108, 350, 297, 25149
1641487020903098704, 37, 108, 350, 297, 25149
1641487020904761825, 37, 108, 350, 297, 25149
1641487020906507661, 37, 108, 350, 297, 25149
1641487020908293719, 37, 108, 350, 297, 25149
1641487020910067885, 37, 108, 350, 297, 25149
1641487020911798661, 37, 108, 350, 297, 25149
1641487020913526107, 37, 108, 350, 297, 25149
1641487020915316944, 37, 108, 350, 297, 25149
1641487020917075875, 37, 108, 350, 297, 25149
1641487020918805454, 37, 108, 350, 297, 25149
1641487020920530250, 37, 108, 350, 297, 25149
1641487020922318173, 37, 108, 350, 297, 25149
1641487020924050556, 37, 108, 350, 297, 25149
1641487020925724178, 37, 108, 350, 297, 25149
1641487020927463197, 37, 108, 350, 297, 25149
1641487020929298185, 37, 108, 350, 297, 25149
1641487020930989777, 37, 108, 350, 297, 25149
1641487020932670822, 37, 108, 350, 297, 25149
1641487020934409865, 37, 108, 350, 297, 25149
1641487020936136481, 37, 108, 350, 297, 25149
1641487020937868304, 37, 108, 350, 297, 25149
1641487020939453846, 37, 108, 350, 297, 25149
1641487020941165385, 37, 108, 350, 297, 25149
1641487020942825074, 37, 108, 350, 297, 25149
1641487020944497118, 37, 108, 350, 297, 25149
1641487020946274871, 37, 108, 350, 297, 25149
1641487020948047816, 37, 108, 350, 297, 25149
1641487020949777067, 37, 108, 350, 297, 25149
1641487020951353614, 37, 108, 350, 297, 25149
1641487020953141861, 37, 108, 350, 297, 25149
1641487020955002827, 37, 108, 350, 297, 25149
1641487020956795578, 37, 108, 350, 297, 25149
1641487020958585241, 37, 108, 350, 297, 25149
1641487020960417159, 37, 108, 350, 297, 25149
1641487020962260431, 37, 108, 350, 297, 25149
1641487020964115012, 37, 108, 350, 297, 25149
1641487020965969521, 37, 108, 350, 297, 25149
1641487020967762065, 37, 108, 350, 297, 25149
1641487020969561943, 37, 108, 350, 297, 25149
1641487020971356673, 37, 108, 350, 297, 25149
1641487020973118530, 37, 108, 350, 297, 25149
1641487020974922618, 37, 108, 350, 297, 25149
1641487020976717889, 37, 108, 350, 297, 25149
1641487020978497195, 37, 108, 350, 297, 25149
1641487020980320006, 37, 108, 350, 297, 25149
1641487020982167728, 37, 108, 350, 297, 25149
1641487020984022177, 37, 108, 350, 297, 25149
1641487020985868769, 37, 108, 350, 297, 25149
1641487020987637538, 37, 108, 350, 297, 25149
1641487020989428652, 37, 108, 350, 297, 25149
1641487020991269757, 37, 108, 350, 297, 25149
1641487020993125140, 37, 108, 350, 297, 25149
1641487020994901790, 37, 108, 350, 297, 25149
1641487020996720624, 37, 108, 350, 297, 25149
1641487020998506861, 37, 108, 350, 297, 25149
1641487021000295195, 37, 108, 350, 297, 25149
1641487021002103116, 37, 108, 350, 297, 25149
1641487021003959679, 37, 108, 350, 297, 25149
1641487021005751609, 37, 108, 350, 297, 25149
1641487021007536956, 37, 108, 350, 297, 25149
1641487021009329620, 37, 108, 350, 297, 25149
1641487021011184212, 37, 108, 350, 297, 25149
1641487021013044307, 37, 108, 350, 297, 25149
1641487021014887983, 37, 108, 350, 297, 25149
1641487021016701983, 37, 108, 350, 297, 25149
1641487021018476134, 37, 108, 350, 297, 25149
1641487021020308435, 37, 108, 350, 297, 25149
1641487021022173987, 37, 108, 350, 297, 25149
1641487021024047559, 37, 108, 350, 297, 25149
1641487021025903935, 37, 108, 350, 297, 25149
1641487021027658711, 37, 108, 350, 297, 25149
1641487021029459798, 37, 108, 350, 297, 25149
1641487021031252703, 37, 108, 350, 297, 25149
1641487021033104954, 37, 108, 350, 297, 25149
1641487021034953756, 37, 108, 350, 297, 25149
1641487021036728734, 37, 108, 350, 297, 25149
1641487021038548312, 37, 108, 350, 297, 25149
1641487021040332711, 37, 108, 350, 297, 25149
1641487021042159846, 37, 108, 350, 297, 25149
1641487021043994201, 37, 108, 350, 297, 25149
1641487021045832916, 37, 108, 350, 297, 25149
1641487021047641163, 37, 108, 350, 297, 25149
1641487021049424771, 37, 108, 350, 297, 25149
1641487021051219714, 37, 108, 350, 297, 25149
1641487021053078507, 37, 108, 350, 297, 25149
1641487021054893961, 37, 108, 350, 297, 25149
1641487021056679354, 37, 108, 350, 297, 25149
1641487021058469079, 37, 108, 350, 297, 25149
1641487021060299924, 37, 108, 350, 297, 25149
1641487021062161125, 37, 108, 350, 297, 25149
1641487021064017015, 37, 108, 350, 297, 25149
1641487021065877153, 37, 108, 350, 297, 25149
1641487021067668634, 37, 108, 350, 297, 25149
1641487021069448107, 37, 108, 350, 297, 25149
1641487021071284949, 37, 108, 350, 297, 25149
1641487021073136551, 37, 108, 350, 297, 25149
1641487021074993589, 37, 108, 350, 297, 25149
1641487021076852245, 37, 108, 350, 297, 25149
1641487021078649298, 37, 108, 350, 297, 25149
1641487021080431822, 37, 108, 350, 297, 25149
1641487021082256734, 37, 108, 350, 297, 25149
1641487021084106665, 37, 108, 350, 297, 25149
1641487021085919433, 37, 108, 350, 297, 25149
1641487021087695066, 37, 108, 350, 297, 25149
1641487021089471010, 37, 108, 350, 297, 25149
1641487021091279135, 37, 108, 350, 297, 25149
1641487021093132704, 37, 108, 350, 297, 25149
1641487021094985619, 37, 108, 350, 297, 25149
1641487021096768096, 37, 108, 350, 297, 25149
1641487021098548642, 37, 108, 350, 297, 25149
1641487021100332960, 37, 108, 350, 297, 25149
1641487021102174358, 37, 108, 350, 297, 25149
1641487021104015282, 37, 108, 350, 297, 25149
1641487021105809460, 37, 108, 350, 297, 25149
1641487021107591224, 37, 108, 350, 297, 25149
1641487021109382374, 37, 108, 350, 297, 25149
1641487021111225080, 37, 108, 350, 297, 25149
1641487021113076232, 37, 108, 350, 297, 25149
1641487021114869016, 37, 108, 350, 297, 25149
1641487021116653219, 37, 108, 350, 297, 25149
1641487021118455560, 37, 108, 350, 297, 25149
1641487021120229174, 37, 108, 350, 297, 25149
1641487021122020818, 37, 108, 350, 297, 25149
1641487021123817865, 37, 108, 350, 297, 25149
1641487021125606879, 37, 108, 350, 297, 25149
1641487021127396476, 37, 108, 350, 297, 25149
1641487021129242060, 37, 108, 350, 297, 25149
1641487021131094670, 37, 108, 350, 297, 25149
1641487021132870747, 37, 108, 350, 297, 25149
1641487021134644093, 37, 108, 350, 297, 25149
1641487021136474661, 37, 108, 350, 297, 25149
1641487021138305910, 37, 108, 350, 297, 25149
1641487021140167072, 37, 108, 350, 297, 25149
1641487021142019566, 37, 108, 350, 297, 25149
1641487021143819728, 37, 108, 350, 297, 25149
1641487021145608042, 37, 108, 350, 297, 25149
1641487021147399455, 37, 108, 350, 297, 25149
1641487021149259074, 37, 108, 350, 297, 25149
1641487021151112526, 37, 108, 350, 297, 25149
1641487021152965174, 37, 108, 350, 297, 25149
1641487021154749168, 37, 108, 350, 297, 25149
1641487021156548648, 37, 108, 350, 297, 25149
1641487021158369770, 37, 108, 350, 297, 25149
1641487021160213859, 37, 108, 350, 297, 25149
1641487021162066207, 37, 108, 350, 297, 25149
1641487021163866044, 37, 108, 350, 297, 25149
1641487021165644852, 37, 108, 350, 297, 25149
1641487021167454669, 37, 108, 350, 297, 25149
1641487021169275837, 37, 108, 350, 297, 25149
1641487021171141510, 37, 108, 350, 297, 25149
1641487021172994448, 37, 108, 350, 297, 25149
1641487021174841096, 37, 108, 350, 297, 25149
1641487021176629590, 37, 108, 350, 297, 25149
1641487021178429451, 37, 108, 350, 297, 25149
1641487021180259856, 37, 108, 350, 297, 25149
1641487021182116467, 37, 108, 350, 297, 25149
1641487021183903214, 37, 108, 350, 297, 25149
1641487021185721686, 37, 108, 350, 297, 25149
1641487021187512249, 37, 108, 350, 297, 25149
1641487021189304657, 37, 108, 350, 297, 25149
1641487021191071884, 37, 108, 350, 297, 25149
1641487021192872348, 37, 108, 350, 297, 25149
1641487021194665582, 37, 108, 350, 297, 25149
1641487021196453566, 37, 108, 350, 297, 25149
1641487021198254970, 37, 108, 350, 297, 25149
1641487021200105915, 37, 108, 350, 297, 25149
