timestep,timestamp,temperature_gpu,type,power_draw_mW,power_limit_mW,g_clock_freq_mhz,mem_clock_freq_mhz,sm_clock_freq_mhz
0,1644976399093477383,36,matrixMul_compute,28342,350000,210,405,210
1,1644976399097187751,36,matrixMul_compute,28342,350000,210,405,210
2,1644976399100265804,36,matrixMul_compute,28342,350000,210,405,210
3,1644976399103732389,36,matrixMul_compute,28342,350000,210,405,210
4,1644976399107061679,36,matrixMul_compute,28342,350000,210,405,210
5,1644976399110340796,36,matrixMul_compute,28342,350000,210,405,210
6,1644976399113639324,36,matrixMul_compute,28342,350000,210,405,210
7,1644976399116959891,36,matrixMul_compute,28342,350000,210,405,210
8,1644976399120243261,36,matrixMul_compute,28342,350000,210,405,210
9,1644976399123793671,36,matrixMul_compute,28342,350000,210,405,210
10,1644976399127282778,36,matrixMul_compute,28342,350000,210,405,210
11,1644976399130744891,36,matrixMul_compute,28342,350000,210,405,210
12,1644976399134021366,36,matrixMul_compute,28342,350000,210,405,210
13,1644976399137284659,36,matrixMul_compute,28342,350000,210,405,210
14,1644976399140541206,36,matrixMul_compute,28342,350000,210,405,210
15,1644976399143817118,36,matrixMul_compute,28342,350000,210,405,210
16,1644976399147113239,36,matrixMul_compute,28342,350000,210,405,210
17,1644976399150423038,36,matrixMul_compute,28342,350000,210,405,210
18,1644976399153694166,36,matrixMul_compute,28342,350000,210,405,210
19,1644976399156991927,36,matrixMul_compute,28342,350000,210,405,210
20,1644976399160333875,36,matrixMul_compute,28342,350000,210,405,210
21,1644976399163656002,36,matrixMul_compute,28342,350000,210,405,210
22,1644976399166925019,36,matrixMul_compute,28342,350000,210,405,210
23,1644976399170237099,36,matrixMul_compute,28342,350000,210,405,210
24,1644976399173229117,35,matrixMul_compute,28342,350000,210,405,210
25,1644976399176548245,35,matrixMul_compute,28342,350000,210,405,210
26,1644976399179970317,35,matrixMul_compute,28342,350000,210,405,210
27,1644976399183586661,35,matrixMul_compute,31439,350000,210,405,210
28,1644976399186838215,35,matrixMul_compute,31439,350000,210,405,210
29,1644976399190396194,35,matrixMul_compute,31439,350000,210,405,210
30,1644976399193704217,35,matrixMul_compute,31439,350000,210,405,210
31,1644976399196982761,35,matrixMul_compute,31439,350000,210,405,210
32,1644976399200280390,35,matrixMul_compute,31439,350000,210,405,210
33,1644976399203549526,36,matrixMul_compute,31439,350000,210,405,210
34,1644976399206791584,36,matrixMul_compute,31439,350000,210,405,210
35,1644976399210087134,36,matrixMul_compute,31439,350000,210,405,210
36,1644976399221287154,36,matrixMul_compute,31439,350000,210,405,210
37,1644976399224542400,36,matrixMul_compute,31439,350000,210,405,210
38,1644976399227786743,36,matrixMul_compute,31439,350000,210,405,210
39,1644976399231011658,36,matrixMul_compute,31439,350000,210,405,210
40,1644976399234412168,36,matrixMul_compute,31439,350000,210,405,210
41,1644976399237754896,36,matrixMul_compute,31439,350000,210,405,210
42,1644976399240976925,36,matrixMul_compute,31439,350000,210,405,210
43,1644976399244221894,36,matrixMul_compute,31439,350000,210,405,210
44,1644976399247419356,36,matrixMul_compute,31439,350000,210,405,210
45,1644976399250642601,36,matrixMul_compute,31439,350000,210,405,210
46,1644976399253830893,36,matrixMul_compute,31439,350000,210,405,210
47,1644976399257140677,36,matrixMul_compute,31439,350000,210,405,210
48,1644976399260353015,36,matrixMul_compute,31439,350000,210,405,210
49,1644976399263601235,36,matrixMul_compute,31439,350000,210,405,210
50,1644976399266859272,36,matrixMul_compute,31439,350000,210,405,210
51,1644976399270087340,36,matrixMul_compute,31439,350000,210,405,210
52,1644976399273779815,36,matrixMul_compute,31439,350000,210,405,210
53,1644976399276973851,36,matrixMul_compute,31439,350000,210,405,210
54,1644976399280199213,36,matrixMul_compute,31439,350000,210,405,210
55,1644976399283411799,36,matrixMul_compute,31439,350000,210,405,210
56,1644976399286624083,36,matrixMul_compute,31439,350000,210,405,210
57,1644976399290234471,36,matrixMul_compute,31396,350000,210,405,210
58,1644976399293505880,36,matrixMul_compute,31396,350000,210,405,210
59,1644976399296710986,36,matrixMul_compute,31396,350000,210,405,210
60,1644976399300043213,36,matrixMul_compute,31396,350000,210,405,210
61,1644976399303227796,36,matrixMul_compute,31396,350000,210,405,210
62,1644976399306151851,36,matrixMul_compute,31396,350000,210,405,210
63,1644976399309339666,36,matrixMul_compute,31396,350000,210,405,210
64,1644976399312593332,36,matrixMul_compute,31396,350000,210,405,210
65,1644976399315848735,36,matrixMul_compute,31396,350000,210,405,210
66,1644976399319387290,36,matrixMul_compute,31396,350000,210,405,210
67,1644976399322648114,36,matrixMul_compute,31396,350000,210,405,210
68,1644976399325906077,36,matrixMul_compute,31396,350000,210,405,210
69,1644976399329139842,36,matrixMul_compute,31396,350000,210,405,210
70,1644976399332336089,36,matrixMul_compute,31396,350000,210,405,210
71,1644976399335521079,36,matrixMul_compute,31396,350000,210,405,210
72,1644976399338716485,36,matrixMul_compute,31396,350000,210,405,210
73,1644976399342044531,36,matrixMul_compute,31396,350000,210,405,210
74,1644976399345286870,36,matrixMul_compute,31396,350000,210,405,210
75,1644976399348515823,36,matrixMul_compute,31396,350000,210,405,210
76,1644976399351725559,35,matrixMul_compute,31396,350000,210,405,210
77,1644976399354919906,35,matrixMul_compute,31396,350000,210,405,210
78,1644976399358154183,35,matrixMul_compute,31396,350000,210,405,210
79,1644976399361370027,35,matrixMul_compute,31396,350000,210,405,210
80,1644976399364688126,35,matrixMul_compute,31396,350000,210,405,210
81,1644976399367929088,35,matrixMul_compute,31396,350000,210,405,210
82,1644976399371182271,35,matrixMul_compute,31396,350000,210,405,210
83,1644976399374385070,35,matrixMul_compute,31396,350000,210,405,210
84,1644976399377587237,35,matrixMul_compute,31396,350000,210,405,210
85,1644976399380806529,35,matrixMul_compute,31396,350000,210,405,210
86,1644976399384022943,36,matrixMul_compute,31396,350000,210,405,210
87,1644976399387290905,36,matrixMul_compute,31396,350000,210,405,210
88,1644976399390485774,36,matrixMul_compute,31396,350000,210,405,210
89,1644976399393698738,36,matrixMul_compute,31396,350000,210,405,210
90,1644976399397169804,36,matrixMul_compute,31396,350000,210,405,210
91,1644976399400448317,36,matrixMul_compute,31416,350000,210,405,210
92,1644976399403652082,36,matrixMul_compute,31416,350000,210,405,210
93,1644976399407038411,36,matrixMul_compute,31416,350000,210,405,210
94,1644976399410287693,36,matrixMul_compute,31416,350000,210,405,210
95,1644976399413538111,36,matrixMul_compute,31416,350000,210,405,210
96,1644976399416724753,36,matrixMul_compute,31416,350000,210,405,210
97,1644976399419919945,36,matrixMul_compute,31416,350000,210,405,210
98,1644976399423181363,36,matrixMul_compute,31416,350000,210,405,210
99,1644976399426369636,36,matrixMul_compute,31416,350000,210,405,210
100,1644976399438108557,36,matrixMul_compute,31416,350000,210,405,210
101,1644976399441345674,36,matrixMul_compute,31416,350000,210,405,210
102,1644976399444597313,36,matrixMul_compute,31416,350000,210,405,210
103,1644976399447793128,36,matrixMul_compute,31416,350000,210,405,210
104,1644976399451128569,36,matrixMul_compute,31416,350000,210,405,210
105,1644976399454420490,36,matrixMul_compute,31416,350000,210,405,210
106,1644976399457634017,36,matrixMul_compute,31416,350000,210,405,210
107,1644976399460826757,36,matrixMul_compute,31416,350000,210,405,210
108,1644976399464071149,36,matrixMul_compute,31416,350000,210,405,210
109,1644976399467259688,36,matrixMul_compute,31416,350000,210,405,210
110,1644976399470589981,36,matrixMul_compute,31416,350000,210,405,210
111,1644976399474010478,36,matrixMul_compute,31416,350000,210,405,210
112,1644976399477745971,36,matrixMul_compute,31416,350000,210,405,210
113,1644976399480970944,36,matrixMul_compute,31416,350000,210,405,210
114,1644976399484199395,36,matrixMul_compute,31416,350000,210,405,210
115,1644976399487389502,36,matrixMul_compute,31416,350000,210,405,210
116,1644976399490586715,36,matrixMul_compute,31416,350000,210,405,210
117,1644976399493772981,36,matrixMul_compute,31416,350000,210,405,210
118,1644976399496998476,36,matrixMul_compute,31416,350000,210,405,210
119,1644976399500208951,36,matrixMul_compute,31416,350000,210,405,210
120,1644976399503145918,36,matrixMul_compute,31416,350000,210,405,210
121,1644976399506845910,36,matrixMul_compute,31454,350000,210,405,210
122,1644976399510128603,36,matrixMul_compute,31454,350000,210,405,210
123,1644976399513324251,36,matrixMul_compute,31454,350000,210,405,210
124,1644976399516639234,36,matrixMul_compute,31454,350000,210,405,210
125,1644976399519841308,36,matrixMul_compute,31454,350000,210,405,210
126,1644976399523102814,36,matrixMul_compute,31454,350000,210,405,210
127,1644976399526319559,36,matrixMul_compute,31454,350000,210,405,210
128,1644976399529527323,36,matrixMul_compute,31454,350000,210,405,210
129,1644976399532812042,36,matrixMul_compute,31454,350000,210,405,210
130,1644976399536145010,36,matrixMul_compute,31454,350000,210,405,210
131,1644976399539414942,36,matrixMul_compute,31454,350000,210,405,210
132,1644976399542624486,36,matrixMul_compute,31454,350000,210,405,210
133,1644976399545812996,36,matrixMul_compute,31454,350000,210,405,210
134,1644976399549064826,36,matrixMul_compute,31454,350000,210,405,210
135,1644976399552280625,36,matrixMul_compute,31454,350000,210,405,210
136,1644976399555487166,36,matrixMul_compute,31454,350000,210,405,210
137,1644976399558857608,36,matrixMul_compute,31454,350000,210,405,210
138,1644976399562201796,36,matrixMul_compute,31454,350000,210,405,210
139,1644976399565222780,36,matrixMul_compute,31454,350000,210,405,210
140,1644976399568188464,36,matrixMul_compute,31454,350000,210,405,210
141,1644976399571399233,36,matrixMul_compute,31454,350000,210,405,210
142,1644976399574643995,36,matrixMul_compute,31454,350000,210,405,210
143,1644976399577896739,36,matrixMul_compute,31454,350000,210,405,210
144,1644976399581290760,36,matrixMul_compute,31454,350000,210,405,210
145,1644976399584463492,36,matrixMul_compute,31454,350000,210,405,210
146,1644976399587694501,36,matrixMul_compute,31454,350000,210,405,210
147,1644976399590910790,36,matrixMul_compute,31454,350000,210,405,210
148,1644976399594148503,36,matrixMul_compute,31454,350000,210,405,210
149,1644976399597360098,36,matrixMul_compute,31454,350000,210,405,210
150,1644976399600567380,36,matrixMul_compute,31454,350000,210,405,210
151,1644976399603817662,36,matrixMul_compute,31454,350000,210,405,210
152,1644976399607070779,36,matrixMul_compute,31454,350000,210,405,210
153,1644976399610328344,36,matrixMul_compute,31454,350000,210,405,210
154,1644976399613690906,36,matrixMul_compute,31454,350000,210,405,210
155,1644976399616994569,36,matrixMul_compute,31487,350000,210,405,210
156,1644976399620195294,36,matrixMul_compute,31487,350000,210,405,210
157,1644976399623666550,36,matrixMul_compute,31487,350000,210,405,210
158,1644976399626860209,36,matrixMul_compute,31487,350000,210,405,210
159,1644976399630065125,36,matrixMul_compute,31487,350000,210,405,210
160,1644976399633258872,36,matrixMul_compute,31487,350000,210,405,210
161,1644976399636476524,36,matrixMul_compute,31487,350000,210,405,210
162,1644976399639716199,36,matrixMul_compute,31487,350000,210,405,210
163,1644976399642945475,36,matrixMul_compute,31487,350000,210,405,210
164,1644976399653231600,36,matrixMul_compute,31487,350000,210,405,210
165,1644976399656195573,36,matrixMul_compute,31487,350000,210,405,210
166,1644976399659408806,36,matrixMul_compute,31487,350000,210,405,210
167,1644976399662600622,36,matrixMul_compute,31487,350000,210,405,210
168,1644976399665948782,36,matrixMul_compute,31487,350000,210,405,210
169,1644976399669371469,36,matrixMul_compute,31487,350000,210,405,210
170,1644976399672770083,36,matrixMul_compute,31487,350000,210,405,210
171,1644976399676026116,36,matrixMul_compute,31487,350000,210,405,210
172,1644976399679264481,36,matrixMul_compute,31487,350000,210,405,210
173,1644976399682861528,36,matrixMul_compute,31487,350000,210,405,210
174,1644976399686005406,36,matrixMul_compute,31487,350000,210,405,210
175,1644976399689185419,36,matrixMul_compute,31487,350000,210,405,210
176,1644976399692385346,36,matrixMul_compute,31487,350000,210,405,210
177,1644976399695600743,36,matrixMul_compute,31487,350000,210,405,210
178,1644976399698822369,36,matrixMul_compute,31487,350000,210,405,210
179,1644976399702088546,36,matrixMul_compute,31487,350000,210,405,210
180,1644976399705337811,36,matrixMul_compute,31487,350000,210,405,210
181,1644976399708579154,36,matrixMul_compute,31487,350000,210,405,210
182,1644976399711853368,36,matrixMul_compute,31487,350000,210,405,210
183,1644976399715001934,36,matrixMul_compute,31487,350000,210,405,210
184,1644976399718271452,36,matrixMul_compute,31487,350000,210,405,210
185,1644976399721711728,36,matrixMul_compute,31487,350000,210,405,210
186,1644976399724996809,36,matrixMul_compute,31506,350000,210,405,210
187,1644976399728268892,36,matrixMul_compute,31506,350000,210,405,210
188,1644976399732201412,36,matrixMul_compute,31506,350000,210,405,210
189,1644976399735553298,36,matrixMul_compute,31506,350000,210,405,210
190,1644976399738865763,36,matrixMul_compute,31506,350000,210,405,210
191,1644976399742105974,36,matrixMul_compute,31506,350000,210,405,210
192,1644976399745308299,36,matrixMul_compute,31506,350000,210,405,210
193,1644976399748475159,36,matrixMul_compute,31506,350000,210,405,210
194,1644976399751955272,36,matrixMul_compute,31506,350000,210,405,210
195,1644976399755220301,36,matrixMul_compute,31506,350000,210,405,210
196,1644976399758491053,36,matrixMul_compute,31506,350000,210,405,210
197,1644976399762086513,36,matrixMul_compute,31506,350000,210,405,210
198,1644976399765291688,36,matrixMul_compute,31506,350000,210,405,210
199,1644976399768475114,36,matrixMul_compute,31506,350000,210,405,210
200,1644976399771667001,36,matrixMul_compute,31506,350000,210,405,210
201,1644976399775024943,36,matrixMul_compute,31506,350000,210,405,210
202,1644976399778323659,36,matrixMul_compute,31506,350000,210,405,210
203,1644976399781553607,36,matrixMul_compute,31506,350000,210,405,210
204,1644976399784735781,36,matrixMul_compute,31506,350000,210,405,210
205,1644976399788096137,36,matrixMul_compute,31506,350000,210,405,210
206,1644976399791305432,36,matrixMul_compute,31506,350000,210,405,210
207,1644976399794484850,36,matrixMul_compute,31506,350000,210,405,210
208,1644976399797764103,36,matrixMul_compute,31506,350000,210,405,210
209,1644976399800962321,36,matrixMul_compute,31506,350000,210,405,210
210,1644976399804151289,36,matrixMul_compute,31506,350000,210,405,210
211,1644976399807348379,36,matrixMul_compute,31506,350000,210,405,210
212,1644976399810530549,36,matrixMul_compute,31506,350000,210,405,210
213,1644976399813720502,36,matrixMul_compute,31506,350000,210,405,210
214,1644976399816924024,36,matrixMul_compute,31506,350000,210,405,210
215,1644976399820120131,36,matrixMul_compute,31506,350000,210,405,210
216,1644976399823349035,36,matrixMul_compute,31506,350000,210,405,210
217,1644976399826544845,36,matrixMul_compute,31506,350000,210,405,210
218,1644976399829976510,36,matrixMul_compute,31506,350000,210,405,210
219,1644976399833259578,36,matrixMul_compute,31515,350000,210,405,210
220,1644976399836448130,36,matrixMul_compute,31515,350000,210,405,210
221,1644976399839890070,36,matrixMul_compute,31515,350000,210,405,210
222,1644976399843106296,36,matrixMul_compute,31515,350000,210,405,210
223,1644976399846335538,36,matrixMul_compute,31515,350000,210,405,210
224,1644976399849560681,36,matrixMul_compute,31515,350000,210,405,210
225,1644976399852809825,36,matrixMul_compute,31515,350000,210,405,210
226,1644976399856004898,36,matrixMul_compute,31515,350000,210,405,210
227,1644976399859253621,36,matrixMul_compute,31515,350000,210,405,210
228,1644976399862586729,36,matrixMul_compute,31515,350000,210,405,210
229,1644976399865822587,36,matrixMul_compute,31515,350000,210,405,210
230,1644976399869068647,36,matrixMul_compute,31515,350000,210,405,210
231,1644976399872281567,36,matrixMul_compute,31515,350000,210,405,210
232,1644976399875469204,36,matrixMul_compute,31515,350000,210,405,210
233,1644976399878707928,36,matrixMul_compute,31515,350000,210,405,210
234,1644976399881891660,36,matrixMul_compute,31515,350000,210,405,210
235,1644976399885172342,36,matrixMul_compute,31515,350000,210,405,210
236,1644976399888517966,36,matrixMul_compute,31515,350000,210,405,210
237,1644976399891726794,36,matrixMul_compute,31515,350000,210,405,210
238,1644976399894899230,36,matrixMul_compute,31515,350000,210,405,210
239,1644976399898065611,36,matrixMul_compute,31515,350000,210,405,210
240,1644976399901314296,36,matrixMul_compute,31515,350000,210,405,210
241,1644976399904550742,36,matrixMul_compute,31515,350000,210,405,210
242,1644976399907803075,36,matrixMul_compute,31515,350000,210,405,210
243,1644976399911052321,36,matrixMul_compute,31515,350000,210,405,210
244,1644976399914253856,36,matrixMul_compute,31515,350000,210,405,210
245,1644976399917500443,36,matrixMul_compute,31515,350000,210,405,210
246,1644976399920757029,36,matrixMul_compute,31515,350000,210,405,210
247,1644976399923955950,35,matrixMul_compute,31515,350000,210,405,210
248,1644976399926939752,35,matrixMul_compute,31515,350000,210,405,210
249,1644976399930123709,35,matrixMul_compute,31515,350000,210,405,210
250,1644976399933332139,35,matrixMul_compute,31515,350000,210,405,210
251,1644976399936602324,35,matrixMul_compute,31515,350000,210,405,210
252,1644976399940420676,35,matrixMul_compute,31524,350000,210,405,210
253,1644976399943767490,35,matrixMul_compute,31524,350000,210,405,210
254,1644976399947645284,35,matrixMul_compute,31524,350000,210,405,210
255,1644976399950860539,36,matrixMul_compute,31524,350000,210,405,210
256,1644976399954076453,36,matrixMul_compute,31524,350000,210,405,210
257,1644976399957283770,36,matrixMul_compute,31524,350000,210,405,210
258,1644976399960469707,36,matrixMul_compute,31524,350000,210,405,210
259,1644976399963677047,36,matrixMul_compute,31524,350000,210,405,210
260,1644976399966870027,36,matrixMul_compute,31524,350000,210,405,210
261,1644976399970201682,36,matrixMul_compute,31524,350000,210,405,210
262,1644976399973402423,36,matrixMul_compute,31524,350000,210,405,210
263,1644976399976639970,36,matrixMul_compute,31524,350000,210,405,210
264,1644976399979871279,36,matrixMul_compute,31524,350000,210,405,210
265,1644976399983069593,36,matrixMul_compute,31524,350000,210,405,210
266,1644976399986306958,36,matrixMul_compute,31524,350000,210,405,210
267,1644976399989516868,36,matrixMul_compute,31524,350000,210,405,210
268,1644976399992843983,36,matrixMul_compute,31524,350000,210,405,210
269,1644976399996173063,36,matrixMul_compute,31524,350000,210,405,210
270,1644976399999179004,36,matrixMul_compute,31524,350000,210,405,210
271,1644976400002390307,36,matrixMul_compute,31524,350000,210,405,210
272,1644976400005600698,36,matrixMul_compute,31524,350000,210,405,210
273,1644976400008806508,36,matrixMul_compute,31524,350000,210,405,210
274,1644976400012001668,36,matrixMul_compute,31524,350000,210,405,210
275,1644976400015240208,36,matrixMul_compute,31524,350000,210,405,210
276,1644976400018469893,36,matrixMul_compute,31524,350000,210,405,210
277,1644976400021727172,36,matrixMul_compute,31524,350000,210,405,210
278,1644976400024985232,36,matrixMul_compute,31524,350000,210,405,210
279,1644976400028188428,36,matrixMul_compute,31524,350000,210,405,210
280,1644976400031388970,36,matrixMul_compute,31524,350000,210,405,210
281,1644976400034616075,36,matrixMul_compute,31524,350000,210,405,210
282,1644976400037828035,36,matrixMul_compute,31524,350000,210,405,210
283,1644976400041028116,36,matrixMul_compute,31524,350000,210,405,210
284,1644976400044259376,36,matrixMul_compute,31524,350000,210,405,210
285,1644976400047888525,36,matrixMul_compute,31551,350000,210,405,210
286,1644976400051151023,36,matrixMul_compute,31551,350000,210,405,210
287,1644976400054344417,36,matrixMul_compute,31551,350000,210,405,210
288,1644976400057746162,36,matrixMul_compute,31551,350000,210,405,210
289,1644976400060998832,36,matrixMul_compute,31551,350000,210,405,210
290,1644976400064248785,36,matrixMul_compute,31551,350000,210,405,210
291,1644976400067453873,36,matrixMul_compute,31551,350000,210,405,210
292,1644976400070708448,36,matrixMul_compute,31551,350000,210,405,210
293,1644976400073916504,36,matrixMul_compute,31551,350000,210,405,210
294,1644976400085904961,36,matrixMul_compute,31551,350000,210,405,210
295,1644976400089943284,36,matrixMul_compute,31551,350000,0,405,0
296,1644976400093248718,36,matrixMul_compute,31551,350000,0,405,0
297,1644976400096448386,36,matrixMul_compute,31551,350000,0,405,0
298,1644976400099684198,36,matrixMul_compute,31551,350000,0,405,0
299,1644976400102903104,36,matrixMul_compute,31551,350000,0,405,0
300,1644976400106109346,36,matrixMul_compute,31551,350000,0,405,0
301,1644976400109302407,36,matrixMul_compute,31551,350000,0,405,0
302,1644976400112519043,36,matrixMul_compute,31551,350000,0,405,0
303,1644976400115764601,36,matrixMul_compute,31551,350000,0,405,0
304,1644976400118957264,36,matrixMul_compute,31551,350000,0,405,0
305,1644976400122161840,36,matrixMul_compute,31551,350000,0,405,0
306,1644976400125401635,36,matrixMul_compute,31551,350000,0,405,0
307,1644976400128625258,36,matrixMul_compute,31551,350000,0,405,0
308,1644976400131810838,36,matrixMul_compute,31551,350000,0,405,0
309,1644976400135055398,36,matrixMul_compute,31551,350000,0,405,0
310,1644976400138331508,36,matrixMul_compute,31551,350000,0,405,0
311,1644976400141568414,36,matrixMul_compute,31551,350000,0,405,0
312,1644976400144783219,36,matrixMul_compute,31551,350000,0,405,0
313,1644976400148077134,36,matrixMul_compute,31551,350000,0,405,0
314,1644976400151266186,36,matrixMul_compute,31551,350000,0,405,0
315,1644976400154488270,36,matrixMul_compute,31551,350000,0,405,0
316,1644976400157750856,36,matrixMul_compute,31551,350000,0,405,0
317,1644976400160959258,36,matrixMul_compute,31551,350000,0,405,0
318,1644976400164784288,36,matrixMul_compute,31551,350000,0,405,0
319,1644976400168006992,36,matrixMul_compute,31551,350000,0,405,0
320,1644976400171266672,36,matrixMul_compute,31551,350000,0,405,0
321,1644976400174503854,36,matrixMul_compute,31551,350000,0,405,0
322,1644976400177723317,36,matrixMul_compute,31551,350000,0,405,0
323,1644976400180971943,36,matrixMul_compute,31551,350000,0,405,0
324,1644976400184203039,36,matrixMul_compute,31551,350000,0,405,0
325,1644976400187165642,36,matrixMul_compute,31551,350000,0,405,0
326,1644976400190401474,36,matrixMul_compute,31551,350000,0,405,0
327,1644976400193765276,36,matrixMul_compute,31551,350000,0,405,0
328,1644976400196997462,36,matrixMul_compute,31551,350000,0,405,0
329,1644976400200241697,36,matrixMul_compute,31551,350000,0,405,0
330,1644976400203478130,36,matrixMul_compute,31551,350000,0,405,0
331,1644976400206729042,36,matrixMul_compute,31551,350000,0,405,0
332,1644976400209924507,36,matrixMul_compute,31551,350000,0,405,0
333,1644976400213210262,36,matrixMul_compute,31551,350000,0,405,0
334,1644976400216424824,36,matrixMul_compute,31551,350000,0,405,0
335,1644976400219640751,36,matrixMul_compute,31551,350000,0,405,0
336,1644976400222846408,36,matrixMul_compute,31551,350000,0,405,0
337,1644976400226065460,36,matrixMul_compute,31551,350000,0,405,0
338,1644976400229282259,36,matrixMul_compute,31551,350000,0,405,0
339,1644976400232526441,36,matrixMul_compute,31551,350000,0,405,0
340,1644976400235721740,36,matrixMul_compute,31551,350000,0,405,0
341,1644976400238951351,36,matrixMul_compute,31551,350000,0,405,0
342,1644976400242221628,36,matrixMul_compute,31551,350000,0,405,0
343,1644976400245173855,36,matrixMul_compute,31551,350000,0,405,0
344,1644976400248368467,36,matrixMul_compute,31551,350000,0,405,0
345,1644976400251638982,36,matrixMul_compute,31551,350000,0,405,0
346,1644976400254903348,36,matrixMul_compute,31551,350000,0,405,0
347,1644976400258106851,36,matrixMul_compute,31551,350000,0,405,0
348,1644976400261519840,36,matrixMul_compute,31551,350000,0,405,0
349,1644976400265030139,36,matrixMul_compute,31551,350000,0,405,0
350,1644976400268223044,36,matrixMul_compute,31551,350000,0,405,0
351,1644976400271179250,36,matrixMul_compute,31551,350000,0,405,0
352,1644976400274369451,36,matrixMul_compute,31551,350000,0,405,0
353,1644976400277575111,36,matrixMul_compute,31551,350000,0,405,0
354,1644976400280767069,36,matrixMul_compute,31551,350000,0,405,0
355,1644976400283970187,36,matrixMul_compute,31551,350000,0,405,0
356,1644976400287204280,36,matrixMul_compute,31551,350000,0,405,0
357,1644976400290415984,36,matrixMul_compute,31551,350000,0,405,0
358,1644976400293676207,36,matrixMul_compute,31551,350000,0,405,0
359,1644976400297116616,36,matrixMul_compute,31551,350000,0,405,0
360,1644976400300319450,36,matrixMul_compute,31551,350000,0,405,0
361,1644976400303530390,36,matrixMul_compute,31551,350000,0,405,0
362,1644976400306721156,36,matrixMul_compute,31551,350000,0,405,0
363,1644976400309967025,36,matrixMul_compute,31551,350000,0,405,0
364,1644976400313209949,36,matrixMul_compute,31551,350000,0,405,0
365,1644976400316168386,36,matrixMul_compute,31551,350000,0,405,0
366,1644976400319349383,36,matrixMul_compute,31551,350000,0,405,0
367,1644976400322563512,36,matrixMul_compute,31551,350000,0,405,0
368,1644976400325758068,36,matrixMul_compute,31551,350000,0,405,0
369,1644976400328964048,36,matrixMul_compute,31551,350000,0,405,0
370,1644976400332223492,36,matrixMul_compute,31551,350000,0,405,0
371,1644976400335443797,36,matrixMul_compute,31551,350000,0,405,0
372,1644976400338657577,36,matrixMul_compute,31551,350000,0,405,0
373,1644976400341866275,36,matrixMul_compute,31551,350000,0,405,0
374,1644976400345054539,36,matrixMul_compute,31551,350000,0,405,0
375,1644976400348242551,36,matrixMul_compute,31551,350000,0,405,0
376,1644976400351279885,36,matrixMul_compute,31551,350000,0,405,0
377,1644976400354508024,36,matrixMul_compute,31551,350000,0,405,0
378,1644976400357702466,36,matrixMul_compute,31551,350000,0,405,0
379,1644976400360960462,36,matrixMul_compute,31551,350000,0,405,0
380,1644976400364208659,36,matrixMul_compute,31551,350000,0,405,0
381,1644976400367418713,36,matrixMul_compute,31551,350000,0,405,0
382,1644976400370627566,36,matrixMul_compute,31551,350000,0,405,0
383,1644976400373858112,36,matrixMul_compute,31551,350000,0,405,0
384,1644976400376981286,36,matrixMul_compute,31551,350000,0,405,0
385,1644976400380736128,36,matrixMul_compute,31551,350000,0,405,0
386,1644976400383927273,36,matrixMul_compute,31551,350000,0,405,0
387,1644976400387132281,36,matrixMul_compute,31551,350000,0,405,0
388,1644976400390369788,36,matrixMul_compute,31551,350000,0,405,0
389,1644976400393549005,36,matrixMul_compute,31551,350000,0,405,0
390,1644976400396753784,36,matrixMul_compute,31551,350000,0,405,0
391,1644976400399982339,36,matrixMul_compute,31551,350000,0,405,0
392,1644976400403159480,36,matrixMul_compute,31551,350000,0,405,0
393,1644976400406343536,36,matrixMul_compute,31551,350000,0,405,0
394,1644976400409537082,36,matrixMul_compute,31551,350000,0,405,0
395,1644976400412729660,36,matrixMul_compute,31551,350000,0,405,0
396,1644976400415919512,36,matrixMul_compute,31551,350000,0,405,0
397,1644976400419124250,36,matrixMul_compute,31551,350000,0,405,0
398,1644976400422315293,36,matrixMul_compute,31551,350000,0,405,0
399,1644976400425549440,36,matrixMul_compute,31551,350000,0,405,0
400,1644976400428760424,36,matrixMul_compute,31551,350000,0,405,0
401,1644976400431991637,36,matrixMul_compute,31551,350000,0,405,0
402,1644976400435168278,36,matrixMul_compute,31551,350000,0,405,0
403,1644976400438402264,36,matrixMul_compute,31551,350000,0,405,0
404,1644976400441620099,36,matrixMul_compute,31551,350000,0,405,0
405,1644976400444844955,36,matrixMul_compute,31551,350000,0,405,0
406,1644976400448025620,36,matrixMul_compute,31551,350000,0,405,0
407,1644976400451258608,36,matrixMul_compute,31551,350000,0,405,0
408,1644976400454457151,36,matrixMul_compute,31551,350000,0,405,0
409,1644976400457640979,36,matrixMul_compute,31551,350000,0,405,0
410,1644976400460864375,36,matrixMul_compute,31551,350000,0,405,0
411,1644976400464030238,36,matrixMul_compute,31551,350000,0,405,0
412,1644976400467269539,36,matrixMul_compute,31551,350000,0,405,0
413,1644976400470464599,36,matrixMul_compute,31551,350000,0,405,0
414,1644976400473684795,36,matrixMul_compute,31551,350000,0,405,0
415,1644976400477078729,36,matrixMul_compute,31551,350000,0,405,0
416,1644976400480532600,36,matrixMul_compute,31551,350000,0,405,0
417,1644976400483777411,36,matrixMul_compute,31551,350000,0,405,0
418,1644976400486993063,36,matrixMul_compute,31551,350000,0,405,0
419,1644976400490235721,36,matrixMul_compute,31551,350000,0,405,0
420,1644976400493471877,36,matrixMul_compute,31551,350000,0,405,0
421,1644976400496719030,36,matrixMul_compute,31551,350000,0,405,0
422,1644976400500084588,36,matrixMul_compute,31551,350000,0,405,0
423,1644976400503330785,36,matrixMul_compute,31551,350000,0,405,0
424,1644976400506547586,36,matrixMul_compute,31551,350000,0,405,0
425,1644976400509781536,36,matrixMul_compute,31551,350000,0,405,0
426,1644976400513029006,36,matrixMul_compute,31551,350000,0,405,0
427,1644976400516282049,36,matrixMul_compute,31551,350000,0,405,0
428,1644976400519479283,36,matrixMul_compute,31551,350000,0,405,0
429,1644976400522692372,36,matrixMul_compute,31551,350000,0,405,0
430,1644976400525893692,36,matrixMul_compute,31551,350000,0,405,0
431,1644976400529092946,36,matrixMul_compute,31551,350000,0,405,0
432,1644976400532308024,36,matrixMul_compute,31551,350000,0,405,0
433,1644976400535520449,36,matrixMul_compute,31551,350000,0,405,0
434,1644976400538785745,36,matrixMul_compute,31551,350000,0,405,0
435,1644976400542000571,36,matrixMul_compute,31551,350000,0,405,0
436,1644976400545195308,36,matrixMul_compute,31551,350000,0,405,0
437,1644976400548386231,36,matrixMul_compute,31551,350000,0,405,0
438,1644976400551590926,36,matrixMul_compute,31551,350000,0,405,0
439,1644976400555067674,36,matrixMul_compute,31551,350000,0,405,0
440,1644976400558356026,36,matrixMul_compute,31551,350000,0,405,0
441,1644976400561552526,36,matrixMul_compute,31551,350000,0,405,0
442,1644976400564810682,36,matrixMul_compute,31551,350000,0,405,0
443,1644976400568016933,36,matrixMul_compute,31551,350000,0,405,0
444,1644976400571270186,36,matrixMul_compute,31551,350000,0,405,0
445,1644976400574488272,36,matrixMul_compute,31551,350000,0,405,0
446,1644976400577698506,36,matrixMul_compute,31551,350000,0,405,0
447,1644976400580897967,36,matrixMul_compute,31551,350000,0,405,0
448,1644976400584090241,36,matrixMul_compute,31551,350000,0,405,0
449,1644976400587305002,36,matrixMul_compute,31551,350000,0,405,0
450,1644976400590527544,36,matrixMul_compute,31551,350000,0,405,0
451,1644976400593718473,36,matrixMul_compute,31551,350000,0,405,0
452,1644976400597452323,36,matrixMul_compute,31551,350000,0,405,0
453,1644976400600697037,36,matrixMul_compute,31551,350000,0,405,0
454,1644976400603895460,36,matrixMul_compute,31551,350000,0,405,0
455,1644976400607105446,36,matrixMul_compute,31551,350000,0,405,0
456,1644976400610348701,36,matrixMul_compute,31551,350000,0,405,0
457,1644976400613559217,36,matrixMul_compute,31551,350000,0,405,0
458,1644976400616812073,36,matrixMul_compute,31551,350000,0,405,0
459,1644976400620026645,36,matrixMul_compute,31551,350000,0,405,0
460,1644976400623266387,36,matrixMul_compute,31551,350000,0,405,0
461,1644976400626459366,36,matrixMul_compute,31551,350000,0,405,0
462,1644976400629671509,36,matrixMul_compute,31551,350000,0,405,0
463,1644976400632873229,36,matrixMul_compute,31551,350000,0,405,0
464,1644976400636124753,36,matrixMul_compute,31551,350000,0,405,0
465,1644976400639378486,36,matrixMul_compute,31551,350000,0,405,0
466,1644976400642583533,36,matrixMul_compute,31551,350000,0,405,0
467,1644976400645785749,36,matrixMul_compute,31551,350000,0,405,0
468,1644976400649042832,36,matrixMul_compute,31551,350000,0,405,0
469,1644976400652295718,36,matrixMul_compute,31551,350000,0,405,0
470,1644976400655543744,36,matrixMul_compute,31551,350000,0,405,0
471,1644976400658755772,36,matrixMul_compute,31551,350000,0,405,0
472,1644976400662003630,36,matrixMul_compute,31551,350000,0,405,0
473,1644976400665207204,36,matrixMul_compute,31551,350000,0,405,0
474,1644976400668454103,36,matrixMul_compute,31551,350000,0,405,0
475,1644976400671695243,36,matrixMul_compute,31551,350000,0,405,0
476,1644976400674953805,36,matrixMul_compute,31551,350000,0,405,0
477,1644976400678141140,36,matrixMul_compute,31551,350000,0,405,0
478,1644976400681358609,36,matrixMul_compute,31551,350000,0,405,0
479,1644976400684604476,36,matrixMul_compute,31551,350000,0,405,0
480,1644976400687809307,36,matrixMul_compute,31551,350000,0,405,0
481,1644976400691035170,36,matrixMul_compute,31551,350000,0,405,0
482,1644976400694428965,36,matrixMul_compute,31551,350000,0,405,0
483,1644976400697928474,36,matrixMul_compute,31551,350000,0,405,0
484,1644976400701168894,36,matrixMul_compute,31551,350000,0,405,0
485,1644976400704361189,36,matrixMul_compute,31551,350000,0,405,0
486,1644976400707614270,36,matrixMul_compute,31551,350000,0,405,0
487,1644976400710819586,36,matrixMul_compute,31551,350000,0,405,0
488,1644976400714000032,36,matrixMul_compute,31551,350000,0,405,0
489,1644976400717203965,36,matrixMul_compute,31551,350000,0,405,0
490,1644976400720400114,36,matrixMul_compute,31551,350000,0,405,0
491,1644976400723645666,36,matrixMul_compute,31551,350000,0,405,0
492,1644976400726874067,36,matrixMul_compute,31551,350000,0,405,0
493,1644976400730063770,36,matrixMul_compute,31551,350000,0,405,0
494,1644976400733279904,36,matrixMul_compute,31551,350000,0,405,0
495,1644976400736453847,36,matrixMul_compute,31551,350000,0,405,0
496,1644976400739689254,36,matrixMul_compute,31551,350000,0,405,0
497,1644976400742867458,36,matrixMul_compute,31551,350000,0,405,0
498,1644976400746061522,36,matrixMul_compute,31551,350000,0,405,0
499,1644976400749310128,36,matrixMul_compute,31551,350000,0,405,0
500,1644976400752547933,36,matrixMul_compute,31551,350000,0,405,0
501,1644976400755755905,36,matrixMul_compute,31551,350000,0,405,0
502,1644976400758927378,36,matrixMul_compute,31551,350000,0,405,0
503,1644976400762148478,36,matrixMul_compute,31551,350000,0,405,0
504,1644976400765332167,36,matrixMul_compute,31551,350000,0,405,0
505,1644976400768568570,36,matrixMul_compute,31551,350000,0,405,0
506,1644976400771790653,36,matrixMul_compute,31551,350000,0,405,0
507,1644976400774981739,36,matrixMul_compute,31551,350000,0,405,0
508,1644976400778182101,36,matrixMul_compute,31551,350000,0,405,0
509,1644976400781177922,36,matrixMul_compute,31551,350000,0,405,0
510,1644976400784408295,36,matrixMul_compute,31551,350000,0,405,0
511,1644976400787654151,36,matrixMul_compute,31551,350000,0,405,0
512,1644976400790909351,36,matrixMul_compute,31551,350000,0,405,0
513,1644976400794162499,36,matrixMul_compute,31551,350000,0,405,0
514,1644976400797372159,36,matrixMul_compute,31551,350000,0,405,0
515,1644976400800579130,36,matrixMul_compute,31551,350000,0,405,0
516,1644976400803805275,36,matrixMul_compute,31551,350000,0,405,0
517,1644976400807004330,36,matrixMul_compute,31551,350000,0,405,0
518,1644976400810178613,36,matrixMul_compute,31551,350000,0,405,0
519,1644976400813968913,36,matrixMul_compute,31551,350000,0,405,0
520,1644976400817212435,36,matrixMul_compute,31551,350000,0,405,0
521,1644976400820157628,36,matrixMul_compute,31551,350000,0,405,0
522,1644976400823358023,36,matrixMul_compute,31551,350000,0,405,0
523,1644976400826533668,36,matrixMul_compute,31551,350000,0,405,0
524,1644976400829742113,36,matrixMul_compute,31551,350000,0,405,0
525,1644976400832981423,36,matrixMul_compute,31551,350000,0,405,0
526,1644976400836192533,36,matrixMul_compute,31551,350000,0,405,0
527,1644976400839383369,36,matrixMul_compute,31551,350000,0,405,0
528,1644976400842580921,36,matrixMul_compute,31551,350000,0,405,0
529,1644976400845761050,36,matrixMul_compute,31551,350000,0,405,0
530,1644976400848929559,36,matrixMul_compute,31551,350000,0,405,0
531,1644976400852118845,36,matrixMul_compute,31551,350000,0,405,0
532,1644976400855325364,36,matrixMul_compute,31551,350000,0,405,0
533,1644976400858533749,36,matrixMul_compute,31551,350000,0,405,0
534,1644976400861729190,36,matrixMul_compute,31551,350000,0,405,0
535,1644976400864903945,36,matrixMul_compute,31551,350000,0,405,0
536,1644976400868072746,36,matrixMul_compute,31551,350000,0,405,0
537,1644976400871277745,36,matrixMul_compute,31551,350000,0,405,0
538,1644976400874458036,36,matrixMul_compute,31551,350000,0,405,0
539,1644976400877667519,36,matrixMul_compute,31551,350000,0,405,0
540,1644976400880830166,36,matrixMul_compute,31551,350000,0,405,0
541,1644976400884018580,36,matrixMul_compute,31551,350000,0,405,0
542,1644976400887251049,36,matrixMul_compute,31551,350000,0,405,0
543,1644976400890474795,36,matrixMul_compute,31551,350000,0,405,0
544,1644976400893728898,36,matrixMul_compute,31551,350000,0,405,0
545,1644976400896975536,36,matrixMul_compute,31551,350000,0,405,0
546,1644976400900184455,36,matrixMul_compute,31551,350000,0,405,0
547,1644976400903145566,36,matrixMul_compute,31551,350000,0,405,0
548,1644976400906375205,36,matrixMul_compute,31551,350000,0,405,0
549,1644976400910326775,36,matrixMul_compute,31551,350000,0,405,0
550,1644976400913802061,36,matrixMul_compute,31551,350000,0,405,0
551,1644976400916984237,36,matrixMul_compute,31551,350000,0,405,0
552,1644976400920225051,36,matrixMul_compute,31551,350000,0,405,0
553,1644976400923436989,36,matrixMul_compute,31551,350000,0,405,0
554,1644976400926679791,36,matrixMul_compute,31551,350000,0,405,0
555,1644976400929946782,36,matrixMul_compute,31551,350000,0,405,0
556,1644976400933200847,36,matrixMul_compute,31551,350000,0,405,0
557,1644976400936427426,36,matrixMul_compute,31551,350000,0,405,0
558,1644976400939643282,36,matrixMul_compute,31551,350000,0,405,0
559,1644976400942845318,36,matrixMul_compute,31551,350000,0,405,0
560,1644976400946029074,36,matrixMul_compute,31551,350000,0,405,0
561,1644976400949228650,36,matrixMul_compute,31551,350000,0,405,0
562,1644976400952488997,36,matrixMul_compute,31551,350000,0,405,0
563,1644976400955694423,36,matrixMul_compute,31551,350000,0,405,0
564,1644976400958882070,36,matrixMul_compute,31551,350000,0,405,0
565,1644976400962141503,36,matrixMul_compute,31551,350000,0,405,0
566,1644976400965556595,36,matrixMul_compute,31551,350000,0,405,0
567,1644976400968781430,36,matrixMul_compute,31551,350000,0,405,0
568,1644976400971967900,36,matrixMul_compute,31551,350000,0,405,0
569,1644976400975204869,36,matrixMul_compute,31551,350000,0,405,0
570,1644976400978412081,36,matrixMul_compute,31551,350000,0,405,0
571,1644976400981658898,36,matrixMul_compute,31551,350000,0,405,0
572,1644976400984837041,36,matrixMul_compute,31551,350000,0,405,0
573,1644976400988017221,36,matrixMul_compute,31551,350000,0,405,0
574,1644976400991206307,36,matrixMul_compute,31551,350000,0,405,0
575,1644976400994377209,36,matrixMul_compute,31551,350000,0,405,0
576,1644976400997568852,36,matrixMul_compute,31551,350000,0,405,0
577,1644976401000730628,36,matrixMul_compute,31551,350000,0,405,0
578,1644976401003917347,36,matrixMul_compute,31551,350000,0,405,0
579,1644976401007105791,36,matrixMul_compute,31551,350000,0,405,0
580,1644976401010280771,36,matrixMul_compute,31551,350000,0,405,0
581,1644976401013478386,36,matrixMul_compute,31551,350000,0,405,0
582,1644976401016670902,36,matrixMul_compute,31551,350000,0,405,0
583,1644976401019855140,36,matrixMul_compute,31551,350000,0,405,0
584,1644976401023185448,36,matrixMul_compute,31551,350000,0,405,0
585,1644976401026417056,36,matrixMul_compute,31551,350000,0,405,0
586,1644976401030093455,36,matrixMul_compute,31551,350000,0,405,0
587,1644976401033341314,36,matrixMul_compute,31551,350000,0,405,0
588,1644976401036572324,36,matrixMul_compute,31551,350000,0,405,0
589,1644976401039814362,36,matrixMul_compute,31551,350000,0,405,0
590,1644976401043053239,36,matrixMul_compute,31551,350000,0,405,0
591,1644976401046302062,36,matrixMul_compute,31551,350000,0,405,0
592,1644976401049511910,36,matrixMul_compute,31551,350000,0,405,0
593,1644976401052724402,36,matrixMul_compute,31551,350000,0,405,0
594,1644976401055918333,36,matrixMul_compute,31551,350000,0,405,0
595,1644976401059131058,36,matrixMul_compute,31551,350000,0,405,0
596,1644976401062350565,36,matrixMul_compute,31551,350000,0,405,0
597,1644976401065566843,36,matrixMul_compute,31551,350000,0,405,0
598,1644976401068744664,36,matrixMul_compute,31551,350000,0,405,0
599,1644976401071942608,36,matrixMul_compute,31551,350000,0,405,0
600,1644976401075168315,36,matrixMul_compute,31551,350000,0,405,0
601,1644976401078533743,36,matrixMul_compute,31551,350000,0,405,0
602,1644976401081735987,36,matrixMul_compute,31551,350000,0,405,0
603,1644976401084934740,36,matrixMul_compute,31551,350000,0,405,0
604,1644976401088169829,36,matrixMul_compute,31551,350000,0,405,0
605,1644976401091382348,36,matrixMul_compute,31551,350000,0,405,0
606,1644976401094633908,36,matrixMul_compute,31551,350000,0,405,0
607,1644976401097865525,36,matrixMul_compute,31551,350000,0,405,0
608,1644976401101062963,36,matrixMul_compute,31551,350000,0,405,0
609,1644976401104296812,36,matrixMul_compute,31551,350000,0,405,0
610,1644976401107493426,36,matrixMul_compute,31551,350000,0,405,0
611,1644976401110723468,36,matrixMul_compute,31551,350000,0,405,0
612,1644976401114034192,36,matrixMul_compute,31551,350000,0,405,0
613,1644976401117280542,36,matrixMul_compute,31551,350000,0,405,0
614,1644976401120529305,36,matrixMul_compute,31551,350000,0,405,0
615,1644976401123752510,36,matrixMul_compute,31551,350000,0,405,0
616,1644976401127175013,36,matrixMul_compute,31551,350000,0,405,0
617,1644976401130818941,36,matrixMul_compute,23838,350000,0,405,0
618,1644976401134076960,36,matrixMul_compute,23838,350000,0,405,0
619,1644976401137515617,36,matrixMul_compute,23838,350000,0,405,0
620,1644976401140728049,36,matrixMul_compute,23838,350000,0,405,0
621,1644976401143971397,36,matrixMul_compute,23838,350000,0,405,0
622,1644976401147158057,36,matrixMul_compute,23838,350000,0,405,0
623,1644976401150322931,36,matrixMul_compute,23838,350000,0,405,0
624,1644976401155206827,36,matrixMul_compute,23838,350000,0,405,0
625,1644976401160602333,36,matrixMul_compute,23838,350000,0,405,0
626,1644976401163890334,36,matrixMul_compute,23838,350000,0,405,0
627,1644976401167154861,36,matrixMul_compute,23838,350000,0,405,0
628,1644976401170620866,36,matrixMul_compute,23838,350000,0,405,0
629,1644976401173840004,36,matrixMul_compute,23838,350000,0,405,0
630,1644976401176994608,36,matrixMul_compute,23838,350000,0,405,0
631,1644976401180247027,36,matrixMul_compute,23838,350000,0,405,0
632,1644976401183466969,36,matrixMul_compute,23838,350000,0,405,0
633,1644976401186690248,36,matrixMul_compute,23838,350000,0,405,0
634,1644976401189913175,36,matrixMul_compute,23838,350000,0,405,0
635,1644976401193114372,36,matrixMul_compute,23838,350000,0,405,0
636,1644976401196363388,36,matrixMul_compute,23838,350000,0,405,0
637,1644976401199588093,36,matrixMul_compute,23838,350000,0,405,0
638,1644976401202770235,36,matrixMul_compute,23838,350000,0,405,0
639,1644976401205998774,36,matrixMul_compute,23838,350000,0,405,0
640,1644976401209209296,36,matrixMul_compute,23838,350000,0,405,0
641,1644976401212178632,36,matrixMul_compute,23838,350000,0,405,0
642,1644976401215406409,36,matrixMul_compute,23838,350000,0,405,0
643,1644976401218617310,36,matrixMul_compute,23838,350000,0,405,0
644,1644976401221868003,36,matrixMul_compute,23838,350000,0,405,0
645,1644976401225118797,36,matrixMul_compute,23838,350000,0,405,0
646,1644976401228325811,36,matrixMul_compute,23838,350000,0,405,0
647,1644976401231534427,36,matrixMul_compute,23838,350000,0,405,0
648,1644976401234740421,36,matrixMul_compute,23838,350000,0,405,0
649,1644976401238112354,36,matrixMul_compute,23838,350000,0,405,0
650,1644976401241304352,36,matrixMul_compute,23838,350000,0,405,0
651,1644976401245158137,36,matrixMul_compute,23838,350000,0,405,0
652,1644976401248347389,36,matrixMul_compute,23838,350000,0,405,0
653,1644976401251539667,36,matrixMul_compute,23838,350000,0,405,0
654,1644976401254749582,36,matrixMul_compute,23838,350000,0,405,0
655,1644976401257996591,36,matrixMul_compute,23838,350000,0,405,0
656,1644976401261233802,36,matrixMul_compute,23838,350000,0,405,0
657,1644976401264419966,36,matrixMul_compute,23838,350000,0,405,0
658,1644976401267628173,36,matrixMul_compute,23838,350000,0,405,0
659,1644976401270808979,36,matrixMul_compute,23838,350000,0,405,0
660,1644976401274065249,36,matrixMul_compute,23838,350000,0,405,0
661,1644976401277279828,36,matrixMul_compute,23838,350000,0,405,0
662,1644976401280505267,36,matrixMul_compute,23838,350000,0,405,0
663,1644976401283728838,36,matrixMul_compute,23838,350000,0,405,0
664,1644976401286934540,36,matrixMul_compute,23838,350000,0,405,0
665,1644976401290177213,36,matrixMul_compute,23838,350000,0,405,0
666,1644976401293184711,36,matrixMul_compute,23838,350000,0,405,0
667,1644976401296157494,36,matrixMul_compute,23838,350000,0,405,0
668,1644976401299396649,36,matrixMul_compute,23838,350000,0,405,0
669,1644976401302615192,36,matrixMul_compute,23838,350000,0,405,0
670,1644976401305862028,36,matrixMul_compute,23838,350000,0,405,0
671,1644976401309103602,36,matrixMul_compute,23838,350000,0,405,0
672,1644976401312297055,36,matrixMul_compute,23838,350000,0,405,0
673,1644976401315548441,36,matrixMul_compute,23838,350000,0,405,0
674,1644976401318785624,36,matrixMul_compute,23838,350000,0,405,0
675,1644976401322024320,36,matrixMul_compute,23838,350000,0,405,0
676,1644976401325299680,36,matrixMul_compute,23838,350000,0,405,0
677,1644976401328545926,36,matrixMul_compute,23838,350000,0,405,0
678,1644976401331809330,36,matrixMul_compute,23838,350000,0,405,0
679,1644976401335020144,36,matrixMul_compute,23838,350000,0,405,0
680,1644976401338257864,36,matrixMul_compute,23838,350000,0,405,0
681,1644976401341450968,36,matrixMul_compute,23838,350000,0,405,0
682,1644976401344768810,36,matrixMul_compute,23838,350000,0,405,0
683,1644976401348030010,36,matrixMul_compute,23838,350000,0,405,0
684,1644976401351253046,36,matrixMul_compute,23838,350000,0,405,0
685,1644976401354442059,36,matrixMul_compute,23838,350000,0,405,0
686,1644976401357654361,36,matrixMul_compute,23838,350000,0,405,0
687,1644976401360906584,36,matrixMul_compute,23838,350000,0,405,0
688,1644976401364154554,36,matrixMul_compute,23838,350000,0,405,0
689,1644976401367353954,36,matrixMul_compute,23838,350000,0,405,0
690,1644976401370561404,36,matrixMul_compute,23838,350000,0,405,0
691,1644976401373819631,36,matrixMul_compute,23838,350000,0,405,0
692,1644976401377090110,36,matrixMul_compute,23838,350000,0,405,0
693,1644976401380330231,36,matrixMul_compute,23838,350000,0,405,0
694,1644976401383540451,36,matrixMul_compute,23838,350000,0,405,0
695,1644976401386771574,36,matrixMul_compute,23838,350000,0,405,0
696,1644976401390007083,36,matrixMul_compute,23838,350000,0,405,0
697,1644976401393241770,36,matrixMul_compute,23838,350000,0,405,0
698,1644976401396414210,36,matrixMul_compute,23838,350000,0,405,0
699,1644976401399630576,36,matrixMul_compute,23838,350000,0,405,0
700,1644976401402834614,36,matrixMul_compute,23838,350000,0,405,0
701,1644976401406037268,36,matrixMul_compute,23838,350000,0,405,0
702,1644976401409238370,36,matrixMul_compute,23838,350000,0,405,0
703,1644976401412449503,36,matrixMul_compute,23838,350000,0,405,0
704,1644976401415658050,36,matrixMul_compute,23838,350000,0,405,0
705,1644976401418826576,36,matrixMul_compute,23838,350000,0,405,0
706,1644976401422017071,36,matrixMul_compute,23838,350000,0,405,0
707,1644976401425267680,36,matrixMul_compute,23838,350000,0,405,0
708,1644976401428530939,36,matrixMul_compute,23838,350000,0,405,0
709,1644976401431776129,36,matrixMul_compute,23838,350000,0,405,0
710,1644976401435000273,36,matrixMul_compute,23838,350000,0,405,0
711,1644976401438225657,36,matrixMul_compute,23838,350000,0,405,0
712,1644976401441463570,36,matrixMul_compute,23838,350000,0,405,0
713,1644976401444695368,36,matrixMul_compute,23838,350000,0,405,0
714,1644976401447920024,36,matrixMul_compute,23838,350000,0,405,0
715,1644976401451180220,36,matrixMul_compute,23838,350000,0,405,0
716,1644976401454541906,36,matrixMul_compute,23838,350000,0,405,0
717,1644976401457779508,36,matrixMul_compute,23838,350000,0,405,0
718,1644976401461582106,36,matrixMul_compute,23838,350000,0,405,0
719,1644976401464836842,36,matrixMul_compute,23838,350000,0,405,0
720,1644976401468082608,36,matrixMul_compute,23838,350000,0,405,0
721,1644976401471347119,36,matrixMul_compute,23838,350000,0,405,0
722,1644976401474541510,36,matrixMul_compute,23838,350000,0,405,0
723,1644976401477755176,36,matrixMul_compute,23838,350000,0,405,0
724,1644976401480962360,36,matrixMul_compute,23838,350000,0,405,0
725,1644976401484185708,36,matrixMul_compute,23838,350000,0,405,0
726,1644976401487403840,36,matrixMul_compute,23838,350000,0,405,0
727,1644976401490651471,36,matrixMul_compute,23838,350000,0,405,0
728,1644976401493856149,36,matrixMul_compute,23838,350000,0,405,0
729,1644976401497094744,36,matrixMul_compute,23838,350000,0,405,0
730,1644976401500355247,36,matrixMul_compute,23838,350000,0,405,0
731,1644976401503604251,36,matrixMul_compute,23838,350000,0,405,0
732,1644976401506851636,36,matrixMul_compute,23838,350000,0,405,0
733,1644976401510072658,36,matrixMul_compute,23838,350000,0,405,0
734,1644976401513328588,36,matrixMul_compute,23838,350000,0,405,0
735,1644976401516584902,36,matrixMul_compute,23838,350000,0,405,0
736,1644976401519824137,36,matrixMul_compute,23838,350000,0,405,0
737,1644976401523034503,36,matrixMul_compute,23838,350000,0,405,0
738,1644976401526538863,36,matrixMul_compute,23838,350000,0,405,0
739,1644976401529744869,36,matrixMul_compute,23838,350000,0,405,0
740,1644976401532928987,36,matrixMul_compute,23838,350000,0,405,0
741,1644976401536176366,36,matrixMul_compute,23838,350000,0,405,0
742,1644976401539416606,36,matrixMul_compute,23838,350000,0,405,0
743,1644976401542641708,36,matrixMul_compute,23838,350000,0,405,0
744,1644976401545866629,36,matrixMul_compute,23838,350000,0,405,0
745,1644976401549075188,36,matrixMul_compute,23838,350000,0,405,0
746,1644976401552323950,36,matrixMul_compute,23838,350000,0,405,0
747,1644976401555506590,36,matrixMul_compute,23838,350000,0,405,0
748,1644976401558878445,36,matrixMul_compute,23838,350000,0,405,0
749,1644976401562287355,36,matrixMul_compute,23838,350000,0,405,0
750,1644976401565484576,36,matrixMul_compute,23838,350000,0,405,0
751,1644976401568690245,36,matrixMul_compute,23838,350000,0,405,0
752,1644976401571935737,36,matrixMul_compute,23838,350000,0,405,0
753,1644976401575151749,36,matrixMul_compute,23838,350000,0,405,0
754,1644976401578364992,36,matrixMul_compute,23838,350000,0,405,0
755,1644976401581710949,36,matrixMul_compute,23838,350000,0,405,0
756,1644976401584912421,36,matrixMul_compute,23838,350000,0,405,0
757,1644976401588160544,36,matrixMul_compute,23838,350000,0,405,210
758,1644976401603635998,35,matrixMul_compute,23838,350000,210,405,210
759,1644976401606903265,35,matrixMul_compute,23838,350000,0,405,0
760,1644976401611008749,35,matrixMul_compute,23838,350000,0,405,0
761,1644976401614258505,35,matrixMul_compute,23838,350000,0,405,0
762,1644976401617483561,35,matrixMul_compute,23838,350000,0,405,0
763,1644976401620705577,35,matrixMul_compute,23838,350000,0,405,0
764,1644976401623962012,35,matrixMul_compute,23838,350000,0,405,0
765,1644976401627201511,35,matrixMul_compute,23838,350000,0,405,0
766,1644976401630167294,35,matrixMul_compute,23838,350000,0,405,0
767,1644976401633401478,35,matrixMul_compute,23838,350000,0,405,0
768,1644976401636664888,35,matrixMul_compute,23838,350000,0,405,0
769,1644976401639920259,35,matrixMul_compute,23838,350000,0,405,0
770,1644976401643130112,35,matrixMul_compute,23838,350000,0,405,0
771,1644976401646372007,35,matrixMul_compute,23838,350000,0,405,0
772,1644976401649596710,35,matrixMul_compute,23838,350000,0,405,0
773,1644976401652818605,35,matrixMul_compute,23838,350000,0,405,0
774,1644976401656053150,35,matrixMul_compute,23838,350000,0,405,0
775,1644976401659251201,35,matrixMul_compute,23838,350000,0,405,0
776,1644976401662445184,35,matrixMul_compute,23838,350000,0,405,0
777,1644976401665666380,35,matrixMul_compute,23838,350000,0,405,0
778,1644976401669051966,35,matrixMul_compute,23838,350000,0,405,0
779,1644976401672339289,35,matrixMul_compute,23838,350000,0,405,0
780,1644976401675547485,35,matrixMul_compute,23838,350000,0,405,0
781,1644976401678897893,35,matrixMul_compute,23838,350000,0,405,0
782,1644976401682008726,35,matrixMul_compute,23838,350000,0,405,0
783,1644976401685278997,35,matrixMul_compute,23838,350000,0,405,0
784,1644976401688498682,35,matrixMul_compute,23838,350000,0,405,0
785,1644976401691733224,35,matrixMul_compute,23838,350000,0,405,0
786,1644976401694921831,35,matrixMul_compute,23838,350000,0,405,0
787,1644976401698109815,35,matrixMul_compute,23838,350000,0,405,0
788,1644976401701292162,35,matrixMul_compute,23838,350000,0,405,0
789,1644976401704480446,35,matrixMul_compute,23838,350000,0,405,0
790,1644976401707757250,35,matrixMul_compute,23838,350000,0,405,0
791,1644976401710999579,35,matrixMul_compute,23838,350000,0,405,0
792,1644976401714246289,35,matrixMul_compute,23838,350000,0,405,0
793,1644976401717432824,35,matrixMul_compute,23838,350000,0,405,0
794,1644976401720656282,35,matrixMul_compute,23838,350000,0,405,0
795,1644976401723851591,35,matrixMul_compute,23838,350000,0,405,0
796,1644976401727061736,35,matrixMul_compute,23838,350000,0,405,0
797,1644976401730556463,35,matrixMul_compute,23838,350000,0,405,0
798,1644976401733801696,35,matrixMul_compute,23838,350000,0,405,0
799,1644976401737067013,35,matrixMul_compute,23838,350000,0,405,0
800,1644976401740329432,35,matrixMul_compute,23838,350000,0,405,0
801,1644976401743537822,35,matrixMul_compute,23838,350000,0,405,0
802,1644976401746732574,35,matrixMul_compute,23838,350000,0,405,0
803,1644976401749929851,35,matrixMul_compute,23838,350000,0,405,0
804,1644976401753185054,35,matrixMul_compute,23838,350000,0,405,0
805,1644976401756371982,35,matrixMul_compute,23838,350000,0,405,0
806,1644976401759621581,35,matrixMul_compute,23838,350000,0,405,0
807,1644976401762880275,35,matrixMul_compute,23838,350000,0,405,0
808,1644976401766114768,35,matrixMul_compute,23838,350000,0,405,0
809,1644976401769333803,35,matrixMul_compute,23838,350000,0,405,0
810,1644976401772554158,35,matrixMul_compute,23838,350000,0,405,0
811,1644976401775894060,35,matrixMul_compute,23838,350000,0,405,0
812,1644976401779264862,35,matrixMul_compute,23838,350000,0,405,0
813,1644976401782500531,35,matrixMul_compute,23838,350000,0,405,0
814,1644976401785796824,35,matrixMul_compute,23838,350000,0,405,0
815,1644976401789160039,35,matrixMul_compute,23838,350000,0,405,0
816,1644976401792372376,35,matrixMul_compute,23838,350000,0,405,0
817,1644976401795566679,35,matrixMul_compute,23838,350000,0,405,0
818,1644976401798798626,35,matrixMul_compute,23838,350000,0,405,0
819,1644976401802014654,35,matrixMul_compute,23838,350000,0,405,0
820,1644976401805264516,35,matrixMul_compute,23838,350000,0,405,0
821,1644976401808488939,35,matrixMul_compute,23838,350000,0,405,0
822,1644976401811705658,35,matrixMul_compute,23838,350000,0,405,0
823,1644976401814896486,35,matrixMul_compute,23838,350000,0,405,0
824,1644976401818152596,35,matrixMul_compute,23838,350000,0,405,0
825,1644976401821369181,35,matrixMul_compute,23838,350000,0,405,0
826,1644976401824612863,35,matrixMul_compute,23838,350000,0,405,0
827,1644976401827842526,35,matrixMul_compute,23838,350000,0,405,0
828,1644976401831098653,35,matrixMul_compute,23838,350000,0,405,0
829,1644976401834426270,35,matrixMul_compute,23838,350000,0,405,0
830,1644976401837669783,35,matrixMul_compute,23838,350000,0,405,0
831,1644976401840921503,35,matrixMul_compute,23838,350000,0,405,0
832,1644976401844140355,35,matrixMul_compute,23838,350000,0,405,0
833,1644976401847337703,35,matrixMul_compute,23838,350000,0,405,0
834,1644976401850533308,35,matrixMul_compute,23838,350000,0,405,0
835,1644976401853744831,35,matrixMul_compute,23838,350000,0,405,0
836,1644976401856940607,35,matrixMul_compute,23838,350000,0,405,0
837,1644976401860131415,35,matrixMul_compute,23838,350000,0,405,0
838,1644976401863359067,35,matrixMul_compute,23838,350000,0,405,0
839,1644976401866559854,35,matrixMul_compute,23838,350000,0,405,0
840,1644976401869796349,35,matrixMul_compute,23838,350000,0,405,0
841,1644976401873028899,35,matrixMul_compute,23838,350000,0,405,0
842,1644976401876282148,35,matrixMul_compute,23838,350000,0,405,0
843,1644976401879540773,35,matrixMul_compute,23838,350000,0,405,0
844,1644976401882736332,35,matrixMul_compute,23838,350000,0,405,0
845,1644976401886097718,35,matrixMul_compute,23838,350000,0,405,0
846,1644976401889331520,35,matrixMul_compute,23838,350000,0,405,0
847,1644976401892540565,35,matrixMul_compute,23838,350000,0,405,0
848,1644976401895789562,35,matrixMul_compute,23838,350000,0,405,0
849,1644976401899012505,35,matrixMul_compute,23838,350000,0,405,0
850,1644976401902218032,35,matrixMul_compute,23838,350000,0,405,0
851,1644976401905417024,35,matrixMul_compute,23838,350000,0,405,0
852,1644976401908673904,35,matrixMul_compute,23838,350000,0,405,0
853,1644976401911919139,35,matrixMul_compute,23838,350000,0,405,0
854,1644976401915171303,35,matrixMul_compute,23838,350000,0,405,0
855,1644976401918401482,35,matrixMul_compute,23838,350000,0,405,0
856,1644976401921618554,35,matrixMul_compute,23838,350000,0,405,0
857,1644976401924822682,35,matrixMul_compute,23838,350000,0,405,0
858,1644976401928041254,35,matrixMul_compute,23838,350000,0,405,0
859,1644976401931234223,35,matrixMul_compute,23838,350000,0,405,0
860,1644976401935093016,35,matrixMul_compute,23838,350000,0,405,0
861,1644976401938333214,35,matrixMul_compute,23838,350000,0,405,0
862,1644976401941532252,35,matrixMul_compute,23838,350000,0,405,0
863,1644976401944740599,35,matrixMul_compute,23838,350000,0,405,0
864,1644976401947938883,35,matrixMul_compute,23838,350000,0,405,0
865,1644976401951116379,35,matrixMul_compute,23838,350000,0,405,0
866,1644976401954307512,35,matrixMul_compute,23838,350000,0,405,0
867,1644976401957524324,35,matrixMul_compute,23838,350000,0,405,0
868,1644976401960753404,35,matrixMul_compute,23838,350000,0,405,0
869,1644976401963953491,35,matrixMul_compute,23838,350000,0,405,0
870,1644976401967212702,35,matrixMul_compute,23838,350000,0,405,0
871,1644976401970145231,35,matrixMul_compute,23838,350000,0,405,0
872,1644976401973373652,35,matrixMul_compute,23838,350000,0,405,0
873,1644976401976581640,35,matrixMul_compute,23838,350000,0,405,0
874,1644976401979786481,35,matrixMul_compute,23838,350000,0,405,0
875,1644976401982994855,35,matrixMul_compute,23838,350000,0,405,0
876,1644976401986242257,35,matrixMul_compute,23838,350000,0,405,0
877,1644976401989680348,35,matrixMul_compute,23838,350000,0,405,0
878,1644976401992935318,35,matrixMul_compute,23838,350000,0,405,0
879,1644976401996143028,35,matrixMul_compute,23838,350000,0,405,0
880,1644976401999337670,35,matrixMul_compute,23838,350000,0,405,0
881,1644976402002504239,35,matrixMul_compute,23838,350000,0,405,0
882,1644976402005731406,35,matrixMul_compute,23838,350000,0,405,0
883,1644976402008938444,35,matrixMul_compute,23838,350000,0,405,0
884,1644976402012167461,35,matrixMul_compute,23838,350000,0,405,0
885,1644976402015391088,35,matrixMul_compute,23838,350000,0,405,0
886,1644976402018583896,35,matrixMul_compute,23838,350000,0,405,0
887,1644976402021767723,35,matrixMul_compute,23838,350000,0,405,0
888,1644976402024743411,35,matrixMul_compute,23838,350000,0,405,0
889,1644976402027958527,35,matrixMul_compute,23838,350000,0,405,0
890,1644976402031185541,35,matrixMul_compute,23838,350000,0,405,0
891,1644976402034186623,35,matrixMul_compute,23838,350000,0,405,0
892,1644976402037402471,35,matrixMul_compute,23838,350000,0,405,0
893,1644976402040610840,35,matrixMul_compute,23838,350000,0,405,0
894,1644976402043856179,35,matrixMul_compute,23838,350000,0,405,0
895,1644976402047076715,35,matrixMul_compute,23838,350000,0,405,0
896,1644976402050320019,35,matrixMul_compute,23838,350000,0,405,0
897,1644976402053497435,35,matrixMul_compute,23838,350000,0,405,0
898,1644976402056723231,35,matrixMul_compute,23838,350000,0,405,0
899,1644976402059920023,35,matrixMul_compute,23838,350000,0,405,0
900,1644976402063167445,35,matrixMul_compute,23838,350000,0,405,0
901,1644976402066411955,35,matrixMul_compute,23838,350000,0,405,0
902,1644976402069612969,35,matrixMul_compute,23838,350000,0,405,0
903,1644976402072812161,35,matrixMul_compute,23838,350000,0,405,0
904,1644976402076055454,35,matrixMul_compute,23838,350000,0,405,0
905,1644976402079245849,35,matrixMul_compute,23838,350000,0,405,0
906,1644976402082450030,35,matrixMul_compute,23838,350000,0,405,0
907,1644976402085644047,35,matrixMul_compute,23838,350000,0,405,0
908,1644976402088817497,35,matrixMul_compute,23838,350000,0,405,0
909,1644976402092083693,35,matrixMul_compute,23838,350000,0,405,0
910,1644976402096201780,35,matrixMul_compute,23838,350000,210,405,210
911,1644976402120398716,35,matrixMul_compute,23813,350000,210,405,210
912,1644976402123912751,35,matrixMul_compute,23813,350000,210,405,210
913,1644976402153332912,35,matrixMul_compute,23813,350000,210,405,210
914,1644976402157018989,35,matrixMul_compute,23813,350000,210,405,210
915,1644976402161483918,36,matrixMul_compute,23813,350000,210,405,210
916,1644976402165133328,36,matrixMul_compute,23813,350000,210,405,210
917,1644976402168360676,36,matrixMul_compute,23813,350000,210,405,210
918,1644976402171921593,36,matrixMul_compute,23813,350000,210,405,210
919,1644976402175507178,36,matrixMul_compute,23813,350000,210,405,210
920,1644976402179121366,36,matrixMul_compute,23813,350000,210,405,210
921,1644976402182568123,36,matrixMul_compute,23813,350000,210,405,210
922,1644976402189819779,36,matrixMul_compute,23813,350000,210,405,210
923,1644976402194289684,35,matrixMul_compute,23813,350000,210,405,210
924,1644976402198044509,35,matrixMul_compute,23813,350000,210,405,210
925,1644976402201624317,35,matrixMul_compute,23813,350000,210,405,210
926,1644976402205108040,35,matrixMul_compute,23813,350000,210,405,210
927,1644976402208959028,35,matrixMul_compute,23813,350000,210,405,210
928,1644976402212716869,35,matrixMul_compute,24620,350000,210,405,210
929,1644976402216738270,35,matrixMul_compute,24620,350000,1695,9751,1695
930,1644976402332872572,36,matrixMul_compute,26535,350000,1695,9751,1695
931,1644976402335908153,36,matrixMul_compute,26535,350000,1695,9751,1695
932,1644976402339417829,36,matrixMul_compute,26535,350000,1695,9751,1695
933,1644976402343344059,37,matrixMul_compute,26535,350000,1695,9751,1695
934,1644976402348809096,37,matrixMul_compute,26535,350000,1695,9751,1695
935,1644976402355951039,37,matrixMul_compute,26535,350000,1695,9751,1695
936,1644976402358556904,37,matrixMul_compute,26535,350000,1695,9751,1695
937,1644976402361159474,37,matrixMul_compute,26535,350000,1695,9751,1695
938,1644976402366039710,37,matrixMul_compute,26535,350000,1695,9751,1695
939,1644976402371158472,37,matrixMul_compute,26535,350000,1695,9751,1695
940,1644976402373874490,37,matrixMul_compute,26535,350000,1695,9751,1695
941,1644976402376495864,37,matrixMul_compute,26535,350000,1695,9751,1695
942,1644976402379020474,37,matrixMul_compute,26535,350000,1695,9751,1695
943,1644976402381689381,37,matrixMul_compute,26535,350000,1695,9751,1695
944,1644976402384387946,37,matrixMul_compute,26535,350000,1695,9751,1695
945,1644976402389002370,37,matrixMul_compute,26535,350000,1695,9751,1695
946,1644976402393658525,37,matrixMul_compute,26535,350000,1695,9751,1695
947,1644976402500587432,38,matrixMul_compute,33543,350000,1695,9501,1695
948,1644976402503822235,38,matrixMul_compute,33543,350000,1695,9501,1695
949,1644976402506439370,38,matrixMul_compute,33543,350000,1695,9501,1695
950,1644976402509030182,38,matrixMul_compute,33543,350000,1695,9501,1695
951,1644976402511643753,38,matrixMul_compute,33543,350000,1695,9501,1695
952,1644976402514239179,38,matrixMul_compute,33543,350000,1695,9501,1695
953,1644976402518716810,38,matrixMul_compute,33543,350000,1695,9501,1695
954,1644976402523237858,38,matrixMul_compute,33543,350000,1695,9501,1695
955,1644976402525961549,38,matrixMul_compute,33543,350000,1695,9501,1695
956,1644976402528570716,38,matrixMul_compute,33543,350000,1695,9501,1695
957,1644976402531178122,38,matrixMul_compute,33543,350000,1695,9501,1695
958,1644976402534101790,38,matrixMul_compute,33543,350000,1695,9501,1695
959,1644976402537649541,38,matrixMul_compute,41115,350000,1695,9501,1695
960,1644976402542184449,38,matrixMul_compute,41115,350000,1695,9501,1695
961,1644976402552641953,39,matrixMul_compute,41115,350000,1695,9501,1695
962,1644976402555245619,39,matrixMul_compute,41115,350000,1695,9501,1695
963,1644976402557718529,39,matrixMul_compute,41115,350000,1695,9501,1695
964,1644976402562622274,39,matrixMul_compute,41115,350000,1695,9501,1695
965,1644976402570494208,39,matrixMul_compute,41115,350000,1695,9501,1695
966,1644976402573122207,39,matrixMul_compute,41115,350000,1695,9501,1695
967,1644976402575747944,39,matrixMul_compute,41115,350000,1695,9501,1695
968,1644976402578369062,39,matrixMul_compute,41115,350000,1695,9501,1695
969,1644976402582236788,39,matrixMul_compute,41115,350000,1695,9501,1695
970,1644976402587945250,39,matrixMul_compute,41115,350000,1695,9501,1695
971,1644976402590724174,39,matrixMul_compute,41115,350000,1695,9501,1695
972,1644976402593356457,39,matrixMul_compute,41115,350000,1695,9501,1695
973,1644976402595964929,39,matrixMul_compute,41115,350000,1695,9501,1695
974,1644976402598590150,39,matrixMul_compute,41115,350000,1695,9501,1695
975,1644976402601207090,39,matrixMul_compute,41115,350000,1695,9501,1695
976,1644976402605785665,39,matrixMul_compute,41115,350000,1695,9501,1695
977,1644976402610479753,39,matrixMul_compute,41115,350000,1695,9501,1695
978,1644976402613139612,39,matrixMul_compute,41115,350000,1695,9501,1695
979,1644976402615759612,39,matrixMul_compute,41115,350000,1695,9501,1695
980,1644976402618368851,39,matrixMul_compute,41115,350000,1695,9501,1695
981,1644976402620977151,39,matrixMul_compute,41115,350000,1695,9501,1695
